plant_id,leaf_id,R,G,B,texture_lbp,priming_position,local_temp,local_humidity,tobacco_variety,ripeness_class
P054,3,62,248,68,53.27,7,28.1,67,Oriental,0
P092,8,214,131,8,21.06,6,36.5,72,Oriental,0
P076,17,88,131,94,35.39,3,21.9,73,Burley,0
P051,11,125,111,58,76.51,3,22.0,57,Oriental,0
P097,19,140,195,27,55.02,1,33.2,58,Burley,0
P004,9,109,182,61,40.36,6,28.0,85,Oriental,0
P064,4,139,161,63,39.58,1,36.0,51,Oriental,0
P026,1,95,172,51,25.78,5,30.3,56,Oriental,0
P013,18,237,124,43,70.25,2,33.0,90,Burley,0
P016,5,64,170,14,79.36,2,29.5,81,Burley,0
P076,4,231,182,35,60.99,10,28.4,76,Oriental,1
P023,12,215,203,11,41.62,3,26.7,73,Burley,1
P075,5,136,203,66,75.96,4,32.7,86,Oriental,0
P086,10,108,151,31,41.67,1,26.9,60,Burley,0
P015,1,160,124,0,44.56,8,35.8,90,Burley,0
P006,2,153,106,32,54.66,2,34.3,58,Virginia,0
P068,10,237,216,53,21.26,8,34.6,52,Oriental,0
P036,2,120,193,97,74.19,1,30.7,88,Virginia,0
P014,15,182,186,49,43.29,6,21.9,61,Oriental,0
P067,20,178,149,32,59.78,6,26.0,61,Virginia,0
P059,4,153,139,15,74.75,6,35.9,80,Oriental,0
P085,15,200,102,79,46.58,2,20.6,78,Burley,0
P014,10,98,158,66,23.59,10,30.7,95,Virginia,0
P086,9,83,171,41,27.38,4,22.9,80,Burley,0
P065,11,167,217,58,63.72,9,30.2,92,Burley,0
P034,18,140,174,68,41.7,8,26.6,55,Virginia,1
P082,7,57,252,49,40.36,1,32.6,68,Oriental,0
P014,13,168,134,69,76.32,9,34.2,77,Oriental,1
P047,4,107,230,1,36.9,6,33.9,84,Oriental,0
P046,14,68,211,28,59.75,6,35.2,95,Virginia,0
P085,20,113,172,77,77.99,8,19.8,62,Burley,0
P049,19,97,210,39,55.08,10,27.2,67,Oriental,0
P041,7,235,194,30,44.52,10,21.8,66,Virginia,0
P047,18,66,165,17,63.68,4,27.4,80,Burley,0
P030,13,79,253,0,43.2,10,33.1,65,Virginia,0
P077,10,229,252,38,36.12,8,24.9,89,Virginia,1
P075,10,104,230,82,40.79,9,21.4,90,Burley,1
P025,3,164,141,1,26.78,2,18.4,62,Burley,0
P045,7,83,176,25,65.41,9,25.9,93,Virginia,0
P001,14,103,122,17,69.47,4,27.2,89,Virginia,1
P036,7,106,179,38,48.84,5,19.7,69,Burley,0
P083,13,63,253,81,26.04,1,33.6,80,Virginia,0
P004,14,79,135,41,56.26,2,28.0,82,Burley,0
P066,12,240,222,88,57.37,7,36.1,95,Virginia,0
P005,10,190,166,9,48.51,7,28.6,79,Oriental,1
P074,6,64,136,7,68.35,2,18.1,62,Oriental,0
P055,19,189,136,75,71.84,7,27.0,61,Burley,0
P029,7,234,209,94,20.77,2,31.7,61,Oriental,0
P047,18,93,110,39,74.81,10,25.8,86,Oriental,0
P021,15,88,125,25,30.4,10,38.0,71,Oriental,0
P063,11,176,124,93,47.41,2,33.4,75,Oriental,0
P048,6,167,134,65,69.53,3,33.6,78,Burley,1
P026,6,168,216,85,55.95,2,21.7,90,Virginia,0
P021,19,74,221,49,62.47,6,30.4,77,Oriental,0
P074,20,137,231,23,73.99,10,28.1,88,Burley,0
P016,11,205,168,12,50.57,3,23.6,95,Virginia,0
P089,6,222,145,26,33.02,8,32.9,76,Oriental,0
P070,20,177,173,21,74.47,2,25.6,73,Oriental,0
P032,10,163,193,5,59.88,7,18.9,86,Burley,0
P027,5,167,251,89,36.85,4,19.0,89,Virginia,0
P053,3,225,184,16,42.82,5,29.6,85,Virginia,0
P092,9,206,240,59,38.96,7,34.6,75,Virginia,0
P066,17,115,187,90,38.93,1,28.0,61,Burley,0
P015,17,132,230,50,71.59,10,36.8,66,Oriental,0
P058,8,206,141,69,34.79,1,20.1,66,Oriental,0
P068,7,82,171,71,70.41,1,33.7,77,Burley,0
P046,12,199,105,77,77.35,7,32.3,72,Virginia,0
P099,3,77,164,72,67.02,10,37.3,54,Burley,0
P049,14,87,172,40,27.64,8,21.1,69,Oriental,0
P025,8,99,138,99,74.87,5,29.6,69,Oriental,0
P067,14,183,150,42,30.21,10,18.8,56,Oriental,0
P092,8,144,132,15,31.47,7,29.5,79,Oriental,1
P054,5,217,114,20,24.22,6,18.3,85,Virginia,0
P095,5,171,236,80,63.98,5,21.5,77,Oriental,0
P066,12,208,118,55,31.3,7,30.6,85,Virginia,0
P088,14,201,255,62,63.11,8,24.8,78,Burley,0
P068,20,181,191,48,66.75,6,29.7,76,Burley,1
P089,12,164,171,37,56.96,5,23.9,58,Virginia,0
P068,3,143,120,68,47.58,4,28.3,74,Oriental,0
P099,3,174,124,57,66.91,4,21.6,62,Burley,0
P074,10,126,173,78,47.7,9,36.6,69,Burley,0
P051,9,186,144,12,30.79,7,26.2,90,Burley,0
P004,14,145,245,83,31.86,8,25.1,77,Virginia,0
P067,14,184,172,45,35.11,10,24.4,92,Virginia,0
P065,14,154,197,67,64.6,4,27.9,93,Virginia,0
P098,13,183,171,4,54.13,9,29.3,90,Oriental,1
P048,16,145,170,45,62.53,3,31.1,57,Oriental,1
P088,8,106,155,25,76.76,2,28.3,68,Virginia,0
P055,6,217,118,72,66.66,9,36.5,59,Oriental,1
P039,5,211,148,100,75.62,8,18.6,52,Oriental,0
P086,16,169,140,95,63.44,10,24.9,61,Oriental,0
P047,20,106,200,3,66.72,10,25.3,70,Oriental,0
P081,15,59,149,31,59.03,6,32.9,94,Oriental,0
P059,12,123,148,8,79.54,9,25.0,85,Burley,0
P004,8,155,219,27,77.53,9,26.0,78,Oriental,0
P054,1,201,156,57,72.14,9,23.2,64,Burley,0
P093,5,217,134,14,45.82,2,23.3,65,Burley,0
P055,14,195,107,98,34.29,10,31.4,95,Virginia,1
P007,10,81,147,3,66.88,9,21.7,83,Oriental,0
P047,11,164,255,63,44.08,10,34.8,61,Virginia,0
P084,12,65,150,54,75.68,2,24.4,66,Oriental,0
P033,6,120,224,33,34.26,4,31.7,53,Burley,0
P090,17,143,247,68,72.42,10,37.5,76,Oriental,0
P037,13,50,100,40,35.17,2,35.3,61,Oriental,0
P014,3,233,178,16,50.59,10,26.4,84,Burley,1
P073,3,100,144,23,64.38,6,27.0,55,Burley,0
P068,9,102,218,88,79.99,6,30.9,65,Virginia,0
P019,15,237,121,45,34.54,5,26.9,51,Burley,0
P038,19,117,223,70,70.43,1,19.8,70,Oriental,0
P029,2,227,225,32,65.71,10,23.1,91,Virginia,0
P085,3,205,250,60,57.12,1,33.3,93,Burley,0
P041,5,64,150,79,36.01,6,22.5,86,Virginia,0
P086,8,147,218,67,40.09,2,36.2,74,Virginia,1
P068,14,240,153,15,56.87,3,20.0,84,Virginia,0
P079,8,77,192,34,61.86,2,27.5,69,Oriental,0
P091,1,99,127,41,39.13,7,36.1,76,Virginia,0
P086,9,58,188,32,23.19,7,33.9,89,Oriental,0
P089,20,215,124,71,74.03,1,28.8,78,Burley,0
P002,7,192,139,16,43.53,9,24.0,95,Virginia,0
P053,12,224,214,2,29.2,6,26.6,51,Virginia,0
P037,3,61,147,73,20.2,6,32.2,81,Virginia,0
P088,11,171,182,2,59.9,1,26.8,61,Virginia,0
P091,8,236,119,96,60.64,10,21.1,71,Burley,0
P003,18,88,115,39,37.15,4,31.1,83,Burley,0
P045,6,208,138,82,49.02,9,28.9,85,Oriental,1
P019,17,176,148,49,33.94,7,24.8,56,Virginia,0
P047,16,228,232,34,51.22,4,27.9,71,Virginia,1
P096,17,223,241,61,48.02,1,31.9,50,Oriental,0
P064,17,95,117,54,71.91,10,29.4,62,Burley,0
P067,18,109,165,47,57.0,2,32.3,66,Burley,0
P048,20,163,207,6,55.96,4,28.6,54,Burley,0
P006,16,230,152,89,64.61,6,36.3,83,Burley,0
P043,4,114,224,10,64.5,9,36.2,67,Burley,0
P068,14,157,147,45,61.12,7,35.3,72,Oriental,0
P078,17,94,158,88,40.97,5,32.0,66,Virginia,0
P054,15,215,190,39,61.5,9,23.6,68,Oriental,0
P018,3,232,158,98,46.03,8,34.6,83,Oriental,1
P043,11,106,235,93,48.49,1,28.1,54,Oriental,0
P027,20,114,239,18,48.33,4,23.3,93,Oriental,0
P018,15,128,101,32,30.3,2,35.2,65,Oriental,0
P028,2,146,104,54,35.5,5,35.7,68,Virginia,0
P036,16,106,156,81,45.86,6,20.3,74,Burley,0
P100,16,166,186,17,42.93,2,33.5,78,Burley,0
P094,6,126,134,71,60.56,9,36.8,67,Virginia,0
P034,15,67,214,59,65.45,6,33.6,95,Virginia,0
P005,19,187,242,2,54.48,6,34.3,65,Oriental,0
P014,8,236,251,84,44.77,2,28.0,89,Burley,0
P021,1,165,156,56,42.11,7,18.9,62,Virginia,0
P054,16,161,152,70,77.64,1,35.9,67,Burley,0
P032,9,188,115,52,42.21,4,32.0,51,Virginia,0
P092,8,76,113,48,24.22,1,24.3,64,Burley,0
P009,2,74,202,25,52.01,8,32.3,93,Burley,0
P024,15,58,141,37,63.04,3,18.6,60,Virginia,0
P023,17,107,224,6,75.47,2,30.4,67,Virginia,0
P030,7,73,193,20,71.23,9,25.9,60,Virginia,0
P013,7,223,210,22,52.56,8,35.9,67,Oriental,0
P090,16,225,214,22,29.72,2,25.6,87,Burley,0
P041,8,178,147,65,22.87,2,23.8,59,Virginia,0
P028,13,144,109,46,24.68,6,27.2,56,Burley,0
P062,14,143,155,97,55.45,7,18.7,60,Burley,0
P061,4,191,255,39,39.1,4,34.3,90,Oriental,0
P073,10,164,205,11,79.18,2,34.9,94,Virginia,0
P035,20,239,231,62,58.97,3,30.3,94,Burley,1
P033,5,152,176,26,60.54,7,27.5,56,Burley,1
P046,12,73,120,65,24.73,3,25.3,52,Virginia,0
P093,16,221,101,86,73.14,2,29.0,63,Virginia,0
P008,15,154,236,30,37.88,7,36.1,83,Oriental,0
P082,19,132,251,18,78.82,8,32.1,80,Virginia,0
P098,4,220,186,24,62.05,1,37.1,77,Burley,0
P026,15,177,238,19,23.31,5,21.0,82,Virginia,0
P041,18,214,209,81,44.52,4,29.1,90,Oriental,1
P046,6,200,164,60,40.58,3,35.9,50,Oriental,0
P009,7,186,196,56,71.28,9,25.2,71,Burley,0
P021,1,216,154,83,24.79,1,27.6,88,Burley,0
P071,2,186,206,69,32.46,10,30.9,79,Burley,0
P048,18,131,218,52,74.86,9,23.7,68,Burley,0
P059,12,192,178,62,31.81,9,26.9,94,Oriental,1
P003,15,184,203,57,32.06,4,25.5,91,Oriental,1
P078,16,143,148,52,46.22,5,27.8,82,Virginia,1
P030,8,240,163,57,50.18,9,22.9,87,Burley,0
P013,9,100,168,25,32.03,8,25.6,87,Virginia,0
P021,12,130,122,83,26.21,4,31.5,80,Burley,1
P059,10,204,109,39,53.69,7,31.2,83,Virginia,0
P018,7,57,173,0,61.73,3,35.9,74,Oriental,0
P024,14,204,245,3,60.97,3,25.4,81,Oriental,1
P035,11,85,159,73,63.18,10,29.4,89,Oriental,0
P047,13,121,190,82,67.55,3,34.7,61,Burley,0
P014,3,225,155,49,57.62,5,18.3,71,Burley,0
P069,20,76,227,74,27.31,8,26.2,89,Virginia,0
P004,6,54,158,79,22.07,3,23.1,94,Virginia,0
P046,10,212,212,47,74.22,5,22.9,74,Burley,0
P085,18,89,159,26,44.38,9,19.6,72,Burley,0
P027,16,137,123,25,45.46,6,18.2,78,Oriental,0
P052,3,169,202,1,77.64,6,28.2,76,Burley,1
P023,11,116,250,15,47.1,9,18.6,62,Virginia,0
P068,4,65,110,37,56.8,3,36.1,76,Oriental,0
P013,7,178,155,97,26.09,4,25.1,78,Oriental,0
P092,2,171,236,32,65.35,8,24.6,70,Oriental,0
P095,9,73,100,34,44.61,1,23.3,69,Oriental,0
P066,12,78,222,91,52.34,1,19.4,77,Oriental,0
P092,2,167,111,58,69.18,9,33.1,80,Virginia,1
P092,9,192,104,82,47.91,8,25.3,52,Burley,0
P051,11,189,119,55,78.68,6,28.1,90,Virginia,0
P064,14,111,127,7,56.37,8,30.6,66,Burley,1
P002,2,195,183,30,29.7,4,22.5,86,Oriental,0
P065,4,240,192,2,50.28,9,36.4,53,Burley,1
P054,5,57,203,0,55.74,10,35.0,58,Burley,0
P079,1,160,216,43,36.48,9,27.6,77,Virginia,0
P067,14,194,219,59,59.28,6,19.4,69,Oriental,0
P064,3,59,249,20,69.91,3,22.2,79,Oriental,0
P069,13,184,140,49,60.27,8,23.3,83,Oriental,0
P019,14,217,114,91,68.46,6,22.4,95,Burley,0
P030,10,231,212,87,69.45,3,27.5,50,Burley,1
P077,4,238,242,22,34.35,4,26.6,78,Virginia,1
P063,6,184,204,46,73.55,9,23.1,91,Burley,0
P054,1,147,129,23,73.13,5,31.2,72,Burley,0
P013,12,80,169,46,42.98,4,19.5,61,Burley,0
P018,14,141,191,14,70.43,3,35.0,75,Oriental,0
P036,10,151,161,17,52.19,3,18.8,83,Virginia,0
P087,11,215,243,42,24.11,3,29.0,76,Burley,1
P074,3,182,134,39,68.67,4,27.2,62,Virginia,0
P041,15,109,165,33,46.83,9,37.4,66,Virginia,0
P014,5,171,152,75,74.26,7,29.1,90,Burley,0
P027,1,162,232,65,23.72,3,28.5,62,Oriental,0
P034,11,128,244,100,59.07,10,19.7,61,Oriental,0
P041,9,193,110,62,67.9,7,30.2,59,Burley,0
P081,1,129,235,43,27.03,9,33.5,73,Burley,0
P097,16,204,242,76,54.91,9,35.5,76,Burley,0
P021,10,69,138,22,56.97,9,21.9,73,Oriental,0
P079,12,109,245,83,64.37,9,19.8,84,Oriental,0
P049,19,177,137,82,72.25,5,19.1,62,Oriental,0
P049,16,187,188,80,76.94,10,34.9,71,Burley,1
P077,1,191,145,96,68.4,8,34.0,83,Virginia,0
P020,15,210,243,76,62.35,9,31.3,62,Virginia,0
P063,6,83,255,89,33.21,10,37.4,63,Burley,0
P051,7,164,196,34,22.58,7,18.0,52,Burley,0
P085,10,52,133,47,45.11,6,20.5,77,Oriental,1
P022,12,138,215,68,77.09,4,18.3,61,Virginia,0
P047,5,194,222,61,40.03,1,27.9,75,Virginia,0
P009,7,154,193,60,29.99,8,35.7,67,Virginia,0
P063,10,227,255,97,23.8,2,36.4,80,Oriental,0
P067,12,114,155,75,40.18,3,25.9,55,Burley,0
P032,14,166,250,0,51.61,3,25.9,80,Burley,0
P002,9,94,199,78,79.14,3,22.7,68,Burley,0
P066,9,183,115,10,43.9,8,34.1,54,Virginia,0
P072,10,73,204,31,70.33,10,32.7,57,Virginia,0
P098,12,142,148,33,72.84,3,27.1,52,Virginia,1
P028,2,161,237,33,24.35,1,34.5,55,Burley,0
P045,14,186,127,65,50.99,2,29.0,70,Oriental,0
P065,5,209,173,59,58.63,6,35.1,75,Burley,0
P064,5,135,215,32,59.11,3,23.4,85,Virginia,0
P093,20,153,255,66,27.29,5,20.9,71,Burley,0
P019,13,180,212,44,46.08,3,32.4,81,Burley,0
P032,17,62,190,58,76.73,8,31.7,52,Oriental,0
P032,1,102,206,17,42.48,5,28.5,72,Oriental,0
P078,4,239,150,83,42.14,2,23.0,67,Oriental,0
P024,15,217,171,23,55.75,1,28.5,81,Virginia,0
P046,15,173,167,96,28.03,5,27.2,80,Virginia,1
P074,17,101,220,66,63.5,10,27.6,84,Virginia,0
P041,7,68,237,60,51.99,2,36.3,50,Burley,0
P042,20,63,157,9,63.51,9,20.1,69,Virginia,1
P001,8,94,254,53,73.09,8,23.3,59,Virginia,0
P025,7,219,139,70,49.84,1,22.1,73,Virginia,0
P054,19,201,208,65,65.19,3,26.1,87,Virginia,1
P063,5,202,144,57,38.81,8,24.6,87,Virginia,0
P028,5,99,136,37,27.14,6,23.3,80,Burley,0
P066,11,89,222,22,56.32,6,35.7,55,Burley,0
P098,20,204,101,61,36.37,2,26.1,75,Burley,0
P029,18,115,228,23,58.38,6,37.9,79,Oriental,0
P010,2,87,147,45,77.38,5,26.4,66,Oriental,0
P003,16,53,211,73,59.48,4,20.8,78,Virginia,0
P014,5,82,137,75,43.41,8,22.0,82,Oriental,0
P083,1,86,131,30,70.41,9,24.9,91,Virginia,0
P098,12,231,101,72,44.04,8,28.2,60,Burley,0
P047,2,236,191,46,23.97,2,32.9,92,Oriental,0
P022,15,149,134,89,63.71,8,26.4,56,Virginia,0
P040,14,61,166,54,44.2,6,23.0,78,Virginia,0
P022,15,231,135,44,21.99,4,37.5,85,Burley,0
P092,16,157,168,95,31.56,2,34.4,93,Burley,0
P027,3,137,176,57,58.7,1,19.9,94,Virginia,0
P053,2,62,223,57,65.31,4,20.9,63,Virginia,0
P037,13,133,250,57,54.83,10,33.1,86,Burley,0
P069,15,223,168,58,42.17,3,35.0,64,Virginia,0
P057,5,76,112,65,58.74,3,34.0,77,Virginia,1
P038,2,79,170,50,64.33,2,30.8,55,Burley,0
P066,13,137,249,37,38.95,7,27.9,90,Burley,0
P069,14,216,180,49,37.85,5,31.2,84,Oriental,0
P005,19,109,123,50,56.89,2,26.1,50,Virginia,0
P065,19,129,181,75,71.38,2,33.2,70,Burley,0
P092,8,134,110,74,48.71,1,28.1,84,Burley,0
P095,14,235,228,85,71.7,9,26.8,75,Burley,0
P076,3,164,191,98,52.35,6,32.7,68,Virginia,1
P067,3,92,156,14,27.38,3,24.3,85,Oriental,0
P076,1,126,138,22,60.83,1,22.0,50,Virginia,0
P090,13,164,113,75,33.26,1,24.4,58,Oriental,0
P007,4,191,181,81,68.32,8,30.9,84,Burley,1
P043,14,60,187,90,69.93,5,31.8,90,Burley,0
P043,14,230,170,87,78.27,9,36.2,70,Burley,1
P069,17,198,221,11,77.66,3,33.6,57,Oriental,0
P040,4,232,252,74,74.82,7,25.7,52,Burley,1
P047,8,202,134,39,24.75,9,27.2,77,Oriental,1
P095,18,72,113,99,20.56,4,30.2,78,Oriental,0
P065,11,137,152,7,44.15,8,31.5,84,Burley,1
P098,16,85,226,60,76.2,5,30.4,76,Oriental,0
P061,13,156,162,95,44.69,1,27.7,92,Burley,0
P081,18,139,213,73,74.26,2,30.3,69,Burley,0
P090,11,133,124,88,77.5,10,20.1,94,Burley,0
P071,18,201,106,48,71.54,3,26.1,82,Virginia,0
P078,19,160,170,68,47.09,3,25.2,95,Burley,1
P097,12,131,251,75,76.08,6,35.8,78,Burley,0
P017,16,91,152,53,26.72,5,31.6,95,Oriental,0
P079,8,101,184,41,67.77,3,26.7,74,Virginia,0
P020,17,234,101,76,40.7,7,31.7,58,Virginia,0
P090,18,116,231,22,22.84,3,29.3,77,Burley,0
P070,18,229,227,91,79.66,9,37.4,62,Burley,1
P089,17,107,148,40,26.08,2,31.2,77,Virginia,0
P054,5,166,131,76,29.96,7,30.5,76,Virginia,0
P039,5,119,253,60,21.99,6,24.9,78,Virginia,0
P081,18,56,142,80,20.6,5,22.2,52,Burley,0
P022,10,109,144,33,52.85,10,18.3,55,Oriental,0
P061,18,116,180,88,61.07,6,31.0,67,Virginia,0
P064,17,80,242,86,49.15,10,36.7,69,Virginia,0
P053,17,115,117,75,44.14,2,34.6,57,Virginia,0
P006,13,104,135,23,34.91,6,25.4,92,Burley,0
P038,17,61,245,69,47.34,4,31.4,60,Oriental,0
P090,3,202,119,24,62.37,7,26.4,93,Virginia,0
P056,16,119,211,42,31.33,3,31.3,92,Burley,0
P012,1,120,226,89,44.12,5,37.4,56,Oriental,0
P030,9,112,218,39,78.79,1,23.8,59,Burley,0
P096,2,190,191,4,25.19,2,29.4,58,Burley,0
P038,18,108,184,67,76.2,9,28.3,94,Oriental,1
P025,9,214,141,77,22.6,10,19.1,55,Burley,0
P092,5,67,115,20,39.39,9,21.8,55,Burley,0
P030,7,77,140,82,31.33,10,32.0,70,Burley,0
P022,6,93,123,42,32.64,10,20.7,69,Burley,0
P037,1,129,193,49,58.71,5,34.9,52,Oriental,0
P082,7,134,229,45,79.61,4,22.0,80,Burley,0
P085,2,209,141,64,28.84,3,34.9,68,Oriental,0
P100,17,175,155,22,63.8,1,36.7,78,Burley,0
P014,6,64,180,46,35.05,1,30.3,61,Burley,0
P094,1,167,202,88,55.07,8,29.6,88,Burley,1
P096,2,148,158,91,42.11,2,22.5,67,Virginia,0
P058,10,67,116,66,28.87,1,31.3,95,Virginia,0
P005,6,145,125,88,54.92,10,32.3,63,Burley,1
P023,9,169,181,64,47.81,9,32.4,70,Burley,0
P013,11,169,132,1,63.77,1,29.8,73,Burley,0
P095,6,213,209,7,52.95,5,21.5,54,Virginia,0
P050,19,98,118,54,75.57,8,21.8,50,Oriental,0
P034,13,157,137,64,76.99,9,20.0,94,Virginia,0
P053,19,115,120,84,69.51,7,35.2,84,Virginia,0
P003,9,127,130,87,53.21,2,35.8,51,Oriental,0
P052,7,105,212,92,48.5,9,22.7,63,Burley,0
P005,12,100,232,42,28.3,8,28.3,93,Virginia,0
P049,18,77,210,25,37.16,3,33.1,91,Virginia,0
P038,15,55,166,12,21.94,5,26.1,80,Burley,1
P075,18,199,255,64,56.03,9,28.4,93,Virginia,0
P083,18,228,109,11,43.37,6,24.9,68,Oriental,0
P020,6,235,163,15,37.73,2,18.1,94,Oriental,0
P091,19,108,225,66,49.36,10,37.3,94,Virginia,0
P019,13,233,162,35,50.49,8,21.0,56,Oriental,0
P099,10,53,203,28,53.67,9,21.3,50,Virginia,0
P037,7,182,182,87,72.53,9,18.1,89,Virginia,1
P049,2,53,200,20,65.71,9,30.8,52,Oriental,0
P029,14,100,193,54,61.21,2,19.4,61,Virginia,0
P076,10,219,199,3,40.39,4,37.6,83,Virginia,0
P015,7,66,233,96,50.48,5,35.3,58,Burley,0
P065,20,182,167,13,28.68,6,35.2,76,Virginia,0
P083,18,176,122,84,52.67,10,25.4,67,Burley,0
P084,14,81,236,85,32.41,5,36.1,78,Burley,0
P052,1,109,126,18,37.63,4,35.6,55,Oriental,0
P018,14,125,165,99,39.18,2,23.4,64,Virginia,0
P025,6,62,121,85,62.7,4,33.2,94,Oriental,0
P025,10,51,131,18,44.2,6,19.8,61,Oriental,0
P030,10,134,216,2,33.97,6,21.7,73,Virginia,0
P090,11,163,209,18,35.93,3,34.1,70,Oriental,0
P036,16,173,242,91,26.87,1,36.3,79,Virginia,0
P094,13,142,149,47,39.84,3,35.8,90,Oriental,0
P066,2,57,136,33,46.19,10,34.3,64,Burley,0
P053,11,113,158,42,48.87,5,37.7,70,Virginia,0
P085,9,199,199,18,48.27,2,18.1,82,Virginia,0
P084,9,138,173,40,50.59,10,36.9,79,Oriental,0
P054,20,196,156,54,40.81,1,31.0,76,Virginia,0
P088,4,153,179,10,23.08,5,28.9,50,Virginia,1
P035,13,129,208,71,77.92,5,34.7,84,Burley,0
P042,14,153,187,68,48.43,2,30.7,72,Burley,0
P022,20,89,120,97,39.51,8,18.3,87,Oriental,0
P077,20,134,235,52,46.47,7,34.4,54,Burley,0
P096,9,160,139,89,69.96,4,24.0,76,Burley,0
P061,18,221,197,40,58.76,3,33.5,70,Oriental,0
P070,2,235,122,58,40.05,5,28.4,90,Burley,0
P088,11,122,249,30,43.1,3,32.3,77,Burley,0
P079,7,213,187,36,42.65,6,36.8,77,Oriental,0
P001,12,126,133,95,30.36,2,19.0,70,Oriental,0
P056,1,208,154,55,40.42,2,37.5,56,Oriental,0
P092,3,120,149,39,39.4,7,19.3,79,Virginia,0
P039,7,119,153,70,68.04,3,25.2,72,Oriental,0
P082,20,231,160,27,76.74,7,34.6,50,Burley,1
P091,15,199,195,20,65.96,5,28.0,61,Burley,1
P086,3,150,128,96,61.53,9,30.5,56,Oriental,1
P004,7,193,159,11,55.1,10,37.8,94,Oriental,1
P083,7,84,111,1,75.08,3,32.9,66,Burley,0
P065,2,100,214,76,59.2,4,35.5,57,Burley,0
P059,7,229,234,35,58.51,8,36.1,95,Virginia,0
P066,3,98,240,74,44.03,7,32.7,90,Virginia,0
P027,1,94,242,87,57.53,1,29.5,75,Oriental,0
P002,7,102,104,63,68.21,9,31.5,72,Virginia,1
P013,15,74,233,60,72.16,2,24.4,51,Virginia,0
P003,14,206,140,72,71.63,4,29.3,56,Oriental,1
P004,10,71,244,46,58.42,5,31.2,50,Burley,0
P057,13,55,181,95,78.29,7,23.8,90,Oriental,0
P070,6,132,224,97,70.15,8,29.1,95,Virginia,0
P051,12,122,233,80,79.94,8,22.4,71,Burley,0
P048,12,101,109,31,28.42,4,30.1,56,Virginia,1
P038,20,140,209,24,77.09,7,31.2,85,Oriental,0
P078,20,227,160,92,59.93,8,27.0,68,Burley,0
P030,14,122,183,25,79.02,10,36.0,95,Oriental,0
P030,11,98,129,13,38.95,4,35.1,77,Burley,0
P032,15,218,216,82,74.68,7,24.6,93,Virginia,1
P033,14,157,130,99,77.61,9,31.8,60,Burley,1
P067,12,171,128,51,72.35,10,22.7,66,Oriental,0
P045,12,168,183,87,32.53,10,24.0,93,Oriental,0
P014,3,232,247,33,54.08,6,22.5,90,Burley,0
P018,9,113,162,44,39.2,6,25.6,77,Burley,1
P050,6,218,128,17,72.09,4,21.6,58,Burley,1
P012,17,199,122,88,49.31,9,36.3,56,Virginia,1
P062,9,131,183,26,76.15,10,31.7,91,Burley,0
P084,10,110,199,30,50.27,2,36.3,51,Burley,0
P065,15,129,122,74,62.61,8,37.6,88,Oriental,1
P053,17,166,174,87,33.16,1,32.1,82,Virginia,0
P093,9,234,159,61,47.0,4,27.2,75,Virginia,0
P070,13,135,148,13,69.52,6,26.6,57,Oriental,1
P057,11,186,165,50,34.78,6,26.6,53,Oriental,0
P029,17,211,107,35,35.77,4,31.6,57,Virginia,0
P044,8,239,249,30,51.63,7,36.5,67,Burley,0
P061,10,187,247,89,21.74,9,20.5,57,Virginia,1
P076,11,55,114,24,33.1,4,20.2,67,Burley,0
P008,8,89,192,34,66.63,10,24.3,94,Oriental,0
P067,16,94,179,11,71.7,3,31.8,60,Burley,0
P015,11,94,113,67,21.52,1,28.0,94,Oriental,0
P030,8,103,208,29,33.37,1,24.8,54,Virginia,0
P028,5,237,183,35,57.82,5,22.1,77,Oriental,0
P051,4,235,171,59,35.84,1,21.8,63,Burley,0
P012,16,113,146,47,22.69,7,25.1,91,Oriental,1
P062,7,105,132,72,38.57,7,30.7,82,Virginia,0
P029,8,96,152,73,21.82,9,31.5,55,Burley,0
P050,17,177,244,55,43.91,10,21.5,50,Oriental,0
P014,9,70,202,79,41.03,3,22.1,88,Oriental,0
P028,20,120,143,56,43.27,2,21.2,76,Virginia,0
P058,8,113,166,16,46.49,5,19.9,92,Virginia,0
P065,20,136,138,94,36.36,3,32.5,92,Virginia,0
P089,10,184,186,74,66.33,3,35.1,52,Burley,0
P029,8,215,160,70,70.27,2,21.3,63,Oriental,0
P090,19,137,250,34,42.74,6,25.3,80,Virginia,0
P020,5,92,204,89,76.65,6,29.8,58,Virginia,0
P013,11,130,223,81,23.86,4,24.8,70,Oriental,0
P042,17,205,161,72,29.86,2,33.6,60,Virginia,0
P025,19,91,209,76,51.19,7,28.0,89,Burley,0
P072,8,130,238,61,65.09,3,36.5,89,Virginia,0
P090,18,134,181,43,36.73,9,35.5,83,Oriental,0
P086,18,111,119,62,71.88,2,31.9,89,Burley,0
P010,16,194,219,1,58.19,2,20.9,89,Burley,0
P044,8,106,203,96,24.69,7,35.1,73,Virginia,0
P055,7,176,218,19,60.8,1,19.2,77,Oriental,0
P040,15,132,136,93,38.22,10,30.1,84,Virginia,1
P046,13,221,244,99,33.12,7,35.5,72,Oriental,0
P018,16,227,245,15,36.43,10,37.6,69,Oriental,0
P005,18,175,159,64,64.45,4,25.9,62,Oriental,0
P057,12,144,242,60,67.04,5,30.6,75,Burley,0
P016,3,75,138,84,49.57,1,20.5,63,Burley,0
P051,6,100,164,61,50.63,2,36.8,57,Oriental,0
P093,13,58,218,71,26.52,10,28.4,88,Burley,0
P090,15,155,148,98,23.58,8,20.5,67,Burley,0
P071,13,223,133,14,21.74,5,25.3,70,Burley,0
P079,13,174,181,49,61.91,1,32.7,70,Virginia,1
P091,9,128,107,28,58.14,2,36.2,86,Virginia,0
P035,1,123,204,50,73.74,3,30.1,62,Burley,0
P036,16,209,115,62,23.72,7,18.8,81,Burley,1
P093,11,74,250,48,40.26,2,19.5,51,Virginia,0
P089,3,110,232,28,57.3,9,18.6,57,Burley,0
P074,19,128,254,67,63.07,4,37.8,85,Oriental,0
P011,1,160,210,28,76.44,8,19.5,84,Burley,0
P074,12,58,172,99,40.04,8,30.7,95,Burley,0
P079,6,229,154,36,74.11,5,32.3,81,Virginia,0
P077,7,177,216,11,37.62,3,19.9,89,Oriental,0
P029,16,143,131,25,23.56,1,21.5,66,Virginia,0
P031,4,194,134,12,57.72,9,27.7,92,Virginia,1
P003,7,138,112,41,31.82,10,29.0,78,Burley,1
P009,7,71,114,62,75.89,10,30.1,78,Burley,0
P003,6,69,247,75,59.79,2,32.7,69,Burley,0
P093,14,111,248,29,68.16,3,34.8,92,Burley,0
P002,15,105,200,83,70.38,1,25.6,79,Burley,0
P051,2,74,173,61,45.08,9,20.2,78,Burley,0
P062,19,204,164,66,61.72,6,26.3,91,Oriental,0
P096,10,219,120,46,67.65,4,31.2,55,Virginia,0
P022,20,178,198,74,34.28,4,18.2,63,Burley,0
P047,2,123,104,27,41.75,3,23.1,68,Oriental,0
P019,13,50,244,55,61.3,2,32.8,88,Virginia,0
P045,11,155,128,55,54.82,10,28.3,78,Oriental,1
P015,1,206,188,86,22.39,5,22.5,53,Virginia,0
P017,8,213,175,56,68.79,2,27.7,91,Virginia,0
P095,16,182,104,0,56.08,10,24.2,91,Oriental,0
P017,12,80,253,10,54.78,6,31.9,90,Oriental,0
P016,9,65,151,82,64.82,10,29.2,81,Oriental,0
P002,8,119,150,44,46.12,5,29.7,56,Virginia,0
P090,12,224,226,82,38.56,10,31.3,78,Virginia,1
P072,9,207,231,12,56.09,5,31.9,61,Burley,1
P095,6,171,192,86,38.85,7,34.8,86,Virginia,1
P069,7,84,239,37,60.63,9,31.4,93,Oriental,0
P016,15,187,101,6,41.94,6,18.9,62,Burley,0
P044,2,174,172,37,73.34,4,26.0,89,Burley,1
P007,1,68,215,33,36.81,8,18.2,80,Burley,0
P048,17,140,102,86,21.56,6,34.5,61,Oriental,0
P090,3,188,169,99,43.71,7,30.2,70,Virginia,0
P058,9,81,151,18,74.04,4,19.7,57,Burley,0
P075,14,154,162,46,23.33,7,26.0,58,Burley,1
P074,20,55,237,21,45.03,9,28.0,53,Burley,0
P014,11,178,159,64,33.01,9,36.6,58,Oriental,1
P065,5,100,208,71,78.32,1,32.6,60,Burley,0
P079,7,86,161,30,34.97,4,30.7,68,Virginia,0
P021,9,235,237,64,53.17,9,29.5,90,Oriental,1
P051,6,239,161,34,53.93,10,31.2,67,Oriental,1
P033,20,67,180,98,67.95,9,20.2,61,Oriental,0
P086,14,238,250,53,74.24,2,32.3,89,Oriental,0
P026,10,77,233,20,59.5,1,37.1,89,Burley,0
P025,17,106,158,6,68.42,3,24.0,52,Burley,1
P046,16,96,242,7,24.67,6,24.5,95,Virginia,0
P088,7,218,249,43,74.92,9,30.5,83,Oriental,0
P100,7,66,214,97,37.07,2,30.2,58,Burley,0
P030,12,144,187,41,62.53,8,32.8,94,Oriental,0
P077,16,214,186,12,43.71,2,21.3,71,Burley,0
P054,3,60,235,25,72.67,10,20.3,66,Virginia,0
P079,5,169,173,60,65.68,10,35.9,95,Virginia,1
P002,11,184,220,52,66.11,2,33.7,75,Virginia,0
P035,12,230,231,13,58.32,4,35.8,71,Virginia,0
P088,15,157,230,91,46.54,7,37.7,72,Oriental,0
P007,15,119,198,8,35.86,9,22.1,60,Oriental,0
P040,10,151,205,12,79.17,1,19.4,65,Oriental,0
P056,13,237,152,58,40.22,2,32.6,68,Oriental,0
P007,9,226,225,20,57.79,2,35.0,53,Burley,0
P015,3,220,231,23,59.52,9,19.3,78,Virginia,0
P069,9,77,246,37,74.83,1,35.6,91,Virginia,0
P015,2,69,153,72,75.74,9,18.9,56,Virginia,0
P019,6,84,205,70,33.55,1,36.6,73,Oriental,0
P066,13,219,113,61,66.66,6,33.1,68,Oriental,1
P046,3,227,241,2,33.2,7,18.9,60,Virginia,0
P081,1,138,117,46,43.06,4,27.5,52,Burley,0
P057,1,70,141,90,44.67,3,26.5,57,Virginia,0
P063,19,134,218,20,48.47,9,25.3,81,Burley,0
P005,5,216,112,34,51.47,3,21.5,60,Virginia,0
P075,18,178,188,91,69.59,9,25.7,62,Oriental,0
P008,20,99,182,19,60.91,6,28.4,71,Burley,1
P001,3,155,108,29,54.15,1,36.4,79,Oriental,0
P051,9,183,108,31,64.7,8,23.6,60,Oriental,0
P059,6,119,135,33,71.9,10,32.6,59,Oriental,0
P089,8,87,187,57,30.58,2,30.4,87,Oriental,0
P006,3,186,137,53,60.54,6,27.0,86,Burley,0
P064,13,103,151,85,59.18,3,25.7,53,Virginia,0
P070,12,217,176,26,74.05,8,26.8,87,Oriental,0
P033,17,216,177,19,38.77,7,25.4,57,Burley,0
P079,16,125,197,81,55.4,2,27.8,74,Burley,0
P069,2,86,173,41,42.69,5,21.4,79,Burley,0
P076,6,209,200,17,40.8,10,33.9,52,Burley,0
P008,15,149,131,79,72.51,3,22.3,61,Oriental,0
P047,11,133,157,25,30.61,1,29.5,87,Oriental,0
P019,9,142,203,17,58.9,4,35.2,88,Virginia,0
P080,1,159,223,59,66.26,5,18.4,51,Virginia,0
P041,5,225,141,42,61.63,8,34.3,50,Oriental,0
P014,20,140,228,3,56.62,8,36.7,64,Virginia,0
P010,13,192,151,82,57.46,9,29.9,64,Burley,1
P084,5,194,143,5,77.85,6,19.9,60,Virginia,0
P068,15,170,211,23,41.95,8,30.1,59,Oriental,1
P050,15,133,238,70,50.53,4,18.1,60,Oriental,1
P003,13,52,143,80,32.45,3,32.6,52,Virginia,0
P029,6,202,194,76,39.7,3,27.4,76,Virginia,1
P077,8,198,101,7,50.59,8,22.8,87,Burley,0
P009,19,148,174,4,56.22,3,35.5,50,Virginia,0
P040,10,155,113,67,27.04,7,21.1,61,Burley,0
P068,20,197,103,87,46.94,8,37.9,58,Burley,0
P005,6,122,196,77,28.84,7,31.4,63,Burley,0
P094,12,161,238,19,69.59,4,37.5,73,Oriental,1
P080,18,153,143,16,64.58,2,32.2,88,Oriental,0
P033,16,140,181,61,25.28,6,27.1,93,Virginia,0
P008,7,173,177,83,70.58,3,27.3,66,Virginia,1
P072,16,112,230,83,23.95,5,35.3,72,Burley,0
P013,13,123,171,64,37.82,10,23.6,86,Virginia,0
P066,6,205,165,54,23.78,8,26.2,62,Virginia,0
P044,2,171,116,72,65.93,1,32.7,50,Burley,0
P065,19,150,211,44,39.23,8,25.9,71,Virginia,0
P059,4,190,217,58,52.84,6,23.6,89,Virginia,0
P016,8,194,238,78,65.6,10,32.1,81,Virginia,0
P025,12,206,235,31,52.9,6,31.3,68,Virginia,1
P001,16,160,147,48,43.78,10,21.6,87,Virginia,0
P073,19,107,125,9,34.14,4,19.3,79,Burley,0
P061,3,198,146,79,41.12,6,34.8,81,Oriental,0
P020,19,201,222,96,66.37,1,31.1,94,Oriental,0
P045,5,93,232,35,26.98,1,27.6,91,Burley,0
P092,2,181,229,99,63.35,2,22.5,62,Virginia,0
P052,6,51,105,33,34.62,1,35.8,57,Burley,0
P007,4,63,173,58,71.08,1,20.2,60,Burley,0
P037,17,153,170,74,48.34,8,25.4,91,Oriental,1
P014,1,158,185,3,34.16,3,28.4,71,Virginia,1
P061,1,72,227,38,73.37,9,26.7,58,Burley,0
P098,3,109,142,20,42.01,2,25.9,51,Virginia,0
P077,7,201,171,30,33.72,3,19.6,79,Burley,0
P048,2,139,200,14,38.94,6,37.3,62,Oriental,0
P055,2,136,223,28,68.82,4,29.0,89,Virginia,0
P068,17,198,158,13,21.41,7,24.2,51,Virginia,1
P037,18,89,200,95,63.52,8,35.4,63,Virginia,0
P081,4,147,110,68,78.95,2,32.2,70,Virginia,0
P035,4,153,222,97,47.16,1,23.1,70,Oriental,0
P046,14,181,226,68,46.65,5,25.0,76,Burley,1
P010,2,52,140,20,62.35,3,35.6,56,Oriental,0
P082,6,139,215,72,76.29,10,28.5,58,Oriental,1
P003,2,213,246,16,66.57,5,35.4,87,Burley,0
P029,2,221,223,5,38.04,10,21.1,82,Virginia,0
P016,17,128,109,77,31.38,3,19.9,67,Virginia,0
P048,11,91,244,28,42.82,3,18.7,89,Burley,0
P026,9,108,196,48,52.47,2,32.5,58,Oriental,0
P003,15,169,158,26,40.05,6,26.0,56,Burley,1
P018,15,88,219,80,45.5,10,18.6,58,Virginia,0
P014,11,156,144,64,32.55,7,21.3,61,Burley,0
P089,1,237,130,47,52.71,8,37.1,73,Burley,0
P025,18,221,133,40,40.09,2,22.6,95,Oriental,0
P081,9,52,217,56,20.16,6,33.3,77,Virginia,0
P042,5,129,215,62,29.62,4,20.4,69,Virginia,0
P065,10,81,173,39,33.58,9,35.6,57,Virginia,0
P065,1,95,199,39,68.78,8,23.4,59,Virginia,0
P006,4,234,220,4,30.57,3,29.3,66,Oriental,1
P007,7,202,172,82,77.97,1,34.0,55,Oriental,0
P005,12,135,108,62,41.91,5,36.0,83,Virginia,0
P033,2,209,118,74,75.49,8,32.9,56,Virginia,0
P064,8,111,120,34,70.23,10,26.0,56,Burley,0
P076,4,86,167,44,42.49,1,27.3,77,Oriental,1
P041,1,197,218,24,67.42,4,30.5,55,Virginia,1
P006,16,89,100,95,71.73,4,30.8,73,Burley,1
P078,16,150,108,0,59.78,10,18.9,88,Burley,0
P006,1,154,174,100,63.04,8,26.5,64,Oriental,0
P050,2,136,204,39,28.76,8,21.7,69,Burley,0
P006,11,63,136,65,69.94,8,26.9,83,Oriental,0
P079,20,159,116,79,39.65,3,22.5,55,Virginia,0
P072,3,204,169,78,25.52,9,29.3,74,Virginia,1
P053,19,236,124,86,77.99,1,21.9,87,Virginia,0
P094,17,160,138,38,26.23,10,32.3,89,Oriental,1
P048,5,108,102,84,61.82,5,31.3,50,Virginia,1
P079,19,177,185,99,39.19,2,30.4,82,Oriental,0
P018,10,173,237,8,32.29,6,18.4,81,Oriental,0
P025,17,217,221,6,55.07,3,22.3,59,Burley,0
P017,7,158,134,60,40.74,7,29.6,67,Oriental,0
P082,8,226,225,71,69.74,1,31.0,65,Virginia,0
P034,2,148,199,95,50.88,8,27.7,54,Oriental,0
P048,15,107,126,24,59.35,4,19.7,75,Burley,0
P014,2,180,181,9,37.8,5,36.3,59,Virginia,0
P026,13,195,141,86,61.45,8,27.8,60,Oriental,0
P092,10,66,225,21,54.99,7,29.3,85,Oriental,0
P038,2,50,241,94,37.17,10,27.9,78,Burley,0
P035,20,215,193,37,64.72,4,33.1,62,Oriental,1
P033,16,71,216,5,55.5,3,29.5,75,Virginia,0
P023,8,89,213,69,26.49,5,18.2,81,Oriental,0
P036,12,51,166,83,58.6,6,29.5,81,Burley,0
P049,4,70,226,87,70.51,8,33.6,81,Burley,0
P007,12,112,139,100,36.29,5,19.0,89,Burley,0
P061,4,166,105,54,33.12,9,19.0,73,Burley,0
P066,12,210,218,23,23.06,8,21.0,65,Burley,0
P033,18,223,247,9,44.81,2,30.8,66,Burley,1
P019,8,84,110,36,21.87,8,30.1,52,Burley,0
P054,6,189,184,4,29.25,3,18.5,81,Burley,0
P029,6,121,211,88,52.44,4,35.7,57,Virginia,0
P029,13,212,254,87,76.86,9,22.4,53,Oriental,0
P054,19,174,148,36,58.72,5,20.0,75,Burley,0
P061,15,62,148,43,28.56,8,18.6,67,Oriental,0
P083,8,173,170,90,59.39,1,25.6,77,Oriental,1
P084,8,201,200,66,36.06,5,31.9,81,Burley,1
P066,3,164,249,40,34.46,6,27.5,68,Burley,0
P044,20,208,103,65,75.76,10,23.3,92,Oriental,0
P025,5,146,126,74,41.95,2,33.7,69,Burley,0
P044,3,222,222,98,24.85,5,21.6,64,Oriental,0
P100,5,147,169,31,61.07,8,18.2,81,Virginia,0
P088,14,55,203,25,33.94,8,30.1,59,Virginia,0
P045,9,121,190,71,46.43,9,22.8,84,Virginia,0
P066,1,103,150,56,72.27,8,21.7,82,Virginia,0
P034,3,102,238,35,48.9,1,19.2,66,Virginia,0
P028,11,75,250,83,21.5,10,28.0,67,Oriental,0
P038,13,180,147,5,67.87,8,37.0,50,Virginia,0
P011,1,111,167,66,22.52,7,37.7,59,Virginia,0
P016,12,52,159,4,46.69,3,20.6,86,Burley,0
P072,15,59,105,86,56.94,9,37.3,85,Virginia,0
P100,1,140,164,72,64.18,1,34.5,85,Oriental,0
P097,15,154,127,42,73.35,2,38.0,60,Burley,0
P066,19,169,171,59,30.7,8,28.6,54,Oriental,0
P023,15,147,222,79,32.19,8,28.6,54,Oriental,1
P008,7,56,146,98,57.33,10,30.9,77,Burley,0
P058,20,144,188,66,31.0,7,30.3,65,Oriental,0
P090,1,218,159,18,33.19,10,31.4,87,Oriental,1
P054,8,92,246,37,78.93,2,27.3,63,Burley,0
P005,8,217,156,53,36.19,5,18.8,65,Oriental,0
P097,6,87,253,63,66.18,1,18.2,84,Virginia,0
P070,9,103,131,33,47.23,6,29.4,75,Oriental,0
P035,12,131,239,19,43.74,5,29.4,72,Virginia,0
P077,9,92,178,14,65.83,9,34.8,58,Oriental,1
P034,11,230,103,80,50.58,10,34.3,71,Virginia,1
P035,16,102,176,5,74.12,6,19.3,53,Oriental,0
P003,3,232,217,49,27.26,9,18.2,72,Burley,0
P033,12,51,152,6,59.53,3,37.6,82,Virginia,0
P097,7,127,206,38,63.69,6,31.0,56,Virginia,0
P010,17,130,129,9,54.98,2,36.7,76,Burley,0
P025,4,118,185,14,52.99,7,31.1,94,Virginia,0
P058,20,208,189,5,44.63,7,22.1,80,Oriental,0
P015,12,71,228,81,64.3,2,29.7,64,Oriental,0
P045,17,147,250,27,57.58,7,21.7,68,Burley,0
P058,18,55,117,64,78.44,5,18.5,73,Virginia,0
P019,12,115,255,46,68.53,10,33.9,93,Oriental,0
P084,3,90,178,55,23.98,10,24.1,63,Oriental,0
P034,15,163,165,65,38.75,4,19.2,61,Oriental,0
P027,2,234,142,22,33.42,9,27.1,67,Oriental,1
P026,19,203,137,3,49.62,2,33.1,53,Oriental,1
P086,16,159,206,59,68.18,7,30.4,86,Oriental,0
P007,9,99,251,56,29.05,4,24.6,87,Virginia,0
P027,5,78,173,69,25.26,9,23.0,52,Burley,0
P021,14,129,141,18,21.8,7,19.9,81,Burley,0
P035,1,151,140,74,41.58,2,24.5,67,Virginia,0
P092,16,129,111,27,31.78,1,28.1,80,Oriental,0
P003,17,91,198,84,60.8,8,20.1,70,Burley,0
P001,10,114,137,68,58.24,6,26.3,62,Oriental,1
P089,3,184,169,71,68.76,1,36.2,72,Virginia,0
P022,4,112,153,94,46.85,8,23.0,83,Oriental,0
P071,2,204,122,72,31.8,1,22.0,94,Virginia,0
P008,10,77,235,96,44.01,8,23.1,91,Virginia,0
P052,13,158,249,16,51.65,10,29.2,87,Burley,0
P034,3,142,153,8,56.74,7,18.5,87,Virginia,0
P012,3,150,191,33,26.01,4,29.8,61,Virginia,0
P072,14,159,140,51,74.6,8,19.7,87,Virginia,0
P066,2,165,169,48,49.63,5,27.1,90,Virginia,1
P020,7,232,217,11,29.63,8,20.1,67,Burley,0
P032,10,59,205,99,69.89,2,21.5,83,Burley,0
P061,15,173,172,2,43.43,5,35.1,71,Virginia,0
P056,15,185,141,35,70.46,5,31.7,63,Burley,0
P058,18,131,135,64,54.89,7,20.6,95,Burley,0
P068,1,101,185,91,28.78,5,36.6,87,Burley,0
P043,2,137,194,35,30.47,6,31.5,61,Oriental,0
P040,17,117,142,76,28.74,6,30.8,74,Burley,1
P094,12,229,212,1,42.25,6,20.6,87,Burley,0
P070,7,79,141,48,46.73,7,30.1,95,Burley,0
P001,2,202,155,47,40.53,3,18.4,75,Virginia,0
P077,4,202,161,31,62.67,3,26.5,63,Virginia,0
P082,3,75,214,59,54.16,3,28.9,65,Burley,0
P083,7,100,128,77,47.35,2,21.7,55,Virginia,0
P002,14,171,132,33,49.26,3,32.6,65,Oriental,0
P078,8,221,163,31,51.34,8,18.2,83,Oriental,0
P024,7,152,126,84,57.93,5,23.9,66,Oriental,0
P037,11,121,113,37,34.41,10,23.6,63,Oriental,0
P054,5,98,112,44,41.8,10,24.6,78,Virginia,0
P025,7,57,100,72,38.13,7,22.5,73,Burley,0
P055,8,89,240,62,74.65,5,26.9,79,Oriental,0
P065,15,220,126,53,47.4,10,32.1,65,Oriental,1
P035,1,174,176,81,58.44,4,21.9,88,Oriental,0
P075,16,209,175,3,42.79,5,30.1,55,Virginia,0
P007,2,144,151,64,20.99,1,29.8,80,Oriental,0
P053,1,190,243,46,79.28,2,33.7,67,Burley,0
P043,8,124,167,96,57.73,9,23.8,89,Oriental,0
P047,20,154,141,23,43.41,4,24.6,53,Oriental,1
P039,13,233,185,9,61.31,2,19.9,83,Burley,0
P028,11,76,124,33,68.0,4,23.5,77,Virginia,0
P064,3,214,153,62,74.99,8,21.2,67,Burley,0
P091,5,178,117,26,74.67,7,31.1,57,Burley,0
P028,7,195,156,94,66.53,3,19.7,69,Virginia,0
P094,4,203,193,14,40.83,7,22.0,76,Virginia,0
P043,2,198,239,100,38.85,5,36.3,50,Virginia,0
P097,6,182,179,4,68.38,3,30.2,53,Virginia,1
P005,19,188,156,92,51.48,3,21.8,95,Burley,1
P053,13,72,167,19,69.01,9,20.4,55,Burley,0
P038,12,155,172,63,67.44,2,23.8,76,Virginia,0
P088,11,214,223,95,29.68,2,22.6,79,Oriental,0
P033,18,162,124,4,45.52,7,33.5,66,Oriental,0
P037,17,174,128,68,35.41,9,37.6,95,Virginia,1
P040,14,152,131,73,36.55,2,28.9,86,Oriental,0
P046,11,154,113,69,28.69,2,21.9,72,Virginia,0
P010,10,91,152,2,70.46,7,18.2,54,Virginia,0
P029,2,152,200,48,26.53,2,37.5,68,Burley,1
P041,4,86,171,13,76.94,4,34.6,85,Oriental,0
P037,6,168,230,42,38.3,9,37.4,91,Burley,0
P077,10,208,200,96,46.96,1,25.1,73,Oriental,0
P073,19,182,237,85,56.71,7,20.1,95,Burley,0
P061,10,79,153,36,76.92,9,18.2,50,Burley,0
P069,4,57,209,2,74.76,1,23.4,84,Burley,0
P037,9,131,170,33,42.17,10,27.9,88,Virginia,0
P032,9,183,218,4,57.68,2,24.2,90,Burley,0
P063,5,161,109,95,66.34,8,22.2,70,Burley,0
P059,11,156,126,96,75.12,4,32.2,50,Oriental,0
P060,14,114,105,60,56.0,10,24.2,53,Oriental,0
P027,17,154,218,5,26.43,9,28.3,69,Oriental,0
P100,14,142,253,53,44.56,9,33.1,64,Virginia,0
P055,17,187,178,28,25.1,1,20.2,62,Burley,0
P011,18,111,153,16,26.12,7,18.6,75,Virginia,0
P019,7,91,114,21,79.97,7,19.3,74,Oriental,0
P047,20,147,123,48,42.65,8,27.6,78,Virginia,0
P080,17,97,254,44,50.48,6,34.2,59,Virginia,0
P066,3,146,199,8,58.35,2,33.1,71,Oriental,1
P089,7,97,121,26,78.19,2,36.2,88,Virginia,0
P100,17,114,166,11,61.98,8,27.9,84,Virginia,0
P007,7,238,219,46,67.15,4,30.0,51,Virginia,1
P089,7,208,249,2,27.65,8,35.2,83,Virginia,0
P016,4,237,133,19,39.18,4,36.5,86,Virginia,0
P047,2,160,132,78,63.62,7,19.7,87,Virginia,1
P092,3,124,146,27,51.12,10,26.6,81,Oriental,0
P087,17,105,131,47,25.2,1,30.5,59,Virginia,0
P089,5,72,247,48,64.54,5,19.2,81,Virginia,0
P014,15,197,201,62,77.48,9,21.1,53,Oriental,0
P024,7,161,212,2,48.2,2,30.5,72,Virginia,0
P066,2,230,119,26,50.11,3,22.0,78,Virginia,0
P029,4,204,126,45,32.77,7,34.0,94,Burley,0
P090,17,129,231,84,60.58,6,36.4,95,Virginia,0
P067,15,201,108,7,76.47,10,33.0,81,Oriental,1
P100,5,86,226,81,21.19,6,31.1,58,Oriental,0
P016,19,67,119,44,62.85,1,30.6,74,Oriental,0
P089,1,198,200,23,70.15,7,22.3,76,Oriental,0
P071,1,237,234,27,59.28,6,20.4,73,Virginia,0
P087,1,171,184,8,33.53,4,36.6,57,Virginia,0
P012,4,143,205,43,65.83,9,20.3,63,Burley,0
P083,9,61,227,38,69.27,7,34.2,54,Virginia,0
P081,20,141,211,39,68.55,2,34.7,57,Burley,0
P016,5,55,205,34,63.74,2,23.8,63,Virginia,0
P078,5,119,101,23,34.11,5,35.8,51,Virginia,0
P039,6,114,140,12,53.09,9,38.0,50,Virginia,0
P043,11,59,126,58,67.37,5,26.4,71,Virginia,0
P071,13,168,177,42,38.13,10,18.8,87,Oriental,0
P091,19,99,250,18,49.21,1,35.9,79,Oriental,0
P068,4,87,134,8,58.61,4,21.7,64,Oriental,0
P074,2,83,147,50,56.67,2,21.3,58,Burley,0
P013,6,156,202,7,23.51,1,18.7,95,Burley,0
P007,5,222,176,73,65.46,4,36.6,81,Burley,0
P087,16,211,142,81,38.96,6,35.1,57,Oriental,0
P005,6,225,222,69,23.86,7,28.5,76,Burley,1
P001,19,204,230,17,30.12,5,37.8,52,Virginia,0
P094,18,143,238,3,76.06,2,18.5,57,Burley,0
P095,13,197,135,74,71.32,3,30.6,52,Oriental,0
P098,10,160,198,2,54.11,9,19.5,60,Virginia,0
P043,6,177,169,79,24.46,2,24.6,72,Oriental,0
P082,15,128,156,26,67.71,4,18.0,75,Virginia,0
P084,9,126,223,38,63.78,9,30.1,64,Burley,0
P005,12,67,251,63,58.99,5,18.3,64,Burley,0
P085,19,81,194,56,27.98,8,36.3,92,Virginia,0
P038,15,68,145,41,39.26,5,22.5,52,Virginia,0
P094,20,85,144,35,24.83,3,18.3,55,Oriental,0
P027,15,84,175,48,62.22,4,34.6,63,Burley,0
P019,13,99,174,86,63.2,7,33.0,90,Virginia,0
P094,19,173,238,34,62.05,2,25.0,67,Oriental,0
P049,19,196,236,86,79.85,7,26.8,90,Burley,1
P077,1,172,134,23,71.43,10,23.8,56,Oriental,0
P027,15,135,226,96,79.36,2,36.0,63,Virginia,0
P032,11,96,127,14,36.47,10,24.7,92,Oriental,0
P087,14,159,222,22,26.96,2,32.5,72,Virginia,0
P061,5,236,175,96,56.81,9,36.0,51,Oriental,1
P013,7,94,114,55,45.43,7,35.7,72,Oriental,0
P066,15,168,188,55,55.48,4,36.1,89,Oriental,0
P095,2,79,236,9,71.54,4,19.2,62,Burley,0
P057,2,71,212,85,33.43,6,29.2,64,Virginia,1
P069,7,117,109,31,29.6,8,18.1,62,Virginia,0
P063,1,110,151,37,61.53,2,26.9,87,Oriental,0
P032,7,164,153,22,56.42,5,19.2,69,Burley,0
P003,15,114,150,83,20.12,7,26.7,93,Virginia,0
P036,19,108,242,70,24.53,10,29.2,67,Oriental,0
P048,7,201,249,36,62.0,5,23.2,78,Burley,1
P009,10,207,162,6,52.41,9,31.4,71,Burley,1
P040,3,143,174,24,22.16,2,34.4,82,Oriental,0
P083,16,203,223,55,32.41,8,23.1,64,Virginia,0
P072,7,231,249,32,72.14,3,37.6,51,Burley,0
P084,20,110,150,74,61.07,8,30.6,70,Oriental,0
P055,11,152,218,99,69.3,5,22.0,53,Burley,0
P038,17,209,219,52,34.37,5,27.6,88,Virginia,1
P049,15,193,213,51,55.28,4,20.7,66,Oriental,0
P013,18,86,189,82,30.44,3,34.6,58,Burley,0
P018,10,170,115,69,74.85,8,22.1,71,Oriental,0
P045,6,122,219,0,65.43,8,34.6,85,Burley,0
P051,15,108,166,41,24.12,4,27.9,68,Oriental,0
P033,10,194,218,3,62.38,8,23.3,64,Burley,0
P089,14,222,172,96,55.67,10,33.7,72,Virginia,1
P040,20,197,241,31,29.82,8,27.7,69,Burley,1
P083,3,81,216,88,23.57,4,34.4,79,Oriental,0
P082,12,93,143,63,23.59,9,18.1,69,Oriental,0
P080,7,232,196,1,32.32,2,33.9,52,Virginia,0
P072,10,181,225,84,47.74,7,25.6,85,Burley,1
P083,7,52,231,89,43.69,1,20.3,57,Oriental,0
P027,16,58,213,87,58.36,1,34.1,81,Burley,0
P078,19,137,213,86,34.18,1,25.0,79,Oriental,0
P087,7,53,152,23,73.11,3,28.2,75,Burley,0
P074,4,79,228,4,56.93,1,30.7,81,Oriental,0
P029,14,64,111,52,31.44,10,30.5,78,Burley,0
P032,13,86,229,91,63.08,2,27.6,86,Oriental,0
P074,6,174,163,29,49.66,5,19.6,53,Virginia,0
P031,16,208,192,5,57.38,10,28.2,60,Virginia,1
P064,1,214,117,34,78.64,3,29.7,79,Oriental,0
P034,14,189,200,24,68.78,1,32.9,67,Oriental,0
P066,12,221,107,30,61.03,4,21.1,95,Oriental,0
P060,13,118,213,99,79.44,8,36.5,57,Virginia,0
P036,20,125,192,80,63.96,1,22.4,72,Virginia,0
P048,13,55,182,5,42.82,4,29.9,54,Virginia,0
P006,19,86,217,67,36.44,4,34.1,83,Burley,0
P015,4,78,222,58,66.32,8,18.9,54,Burley,0
P037,9,221,203,82,63.68,1,32.5,55,Burley,0
P021,13,227,255,5,40.89,9,37.5,73,Oriental,0
P038,16,64,248,8,71.29,4,25.8,90,Burley,0
P055,4,238,155,88,23.06,9,19.9,79,Burley,0
P061,6,182,249,25,26.17,8,32.8,78,Virginia,0
P091,17,64,240,28,51.94,6,37.9,82,Virginia,0
P038,12,107,200,74,43.21,1,30.4,78,Virginia,0
P077,9,147,195,95,54.47,4,36.2,70,Virginia,0
P015,8,178,161,90,66.55,3,20.2,56,Oriental,0
P015,6,153,165,75,26.74,9,33.2,59,Virginia,0
P078,12,128,177,76,28.2,9,27.0,83,Oriental,0
P091,12,68,166,93,69.34,9,34.2,70,Oriental,0
P015,19,170,183,25,69.95,2,23.4,61,Burley,0
P023,19,127,115,90,23.9,10,21.5,56,Virginia,0
P077,17,130,235,27,31.71,1,26.7,90,Burley,0
P076,9,105,239,4,37.27,10,29.8,79,Burley,0
P097,17,234,216,57,48.24,3,18.1,68,Virginia,0
P077,13,196,211,47,36.66,3,21.8,82,Virginia,0
P061,7,232,156,49,34.9,6,26.0,72,Burley,0
P050,15,151,133,16,47.75,2,24.1,63,Burley,0
P098,13,162,239,9,54.87,5,26.8,88,Oriental,0
P051,5,201,215,38,46.1,5,31.8,61,Oriental,1
P020,8,161,227,25,26.34,4,29.3,67,Virginia,0
P036,10,103,132,20,72.96,5,20.7,71,Burley,0
P022,17,156,153,85,51.34,9,27.0,88,Burley,1
P087,18,68,128,88,44.44,8,23.7,65,Burley,0
P065,20,103,205,96,43.35,8,33.3,95,Virginia,0
P098,6,87,252,11,66.3,10,23.7,64,Burley,0
P055,20,130,153,60,47.64,10,32.0,88,Virginia,0
P018,16,214,131,90,59.8,4,18.1,50,Burley,0
P089,13,130,222,72,69.29,4,33.2,59,Virginia,0
P047,11,224,123,98,35.1,5,31.3,60,Virginia,0
P048,18,116,227,30,49.85,2,33.1,94,Oriental,0
P027,16,164,131,44,70.49,6,32.4,95,Oriental,0
P026,11,94,126,62,43.05,1,36.6,93,Burley,0
P074,17,190,218,68,74.65,3,20.5,59,Oriental,0
P030,7,238,192,36,51.14,10,37.7,89,Oriental,1
P064,8,105,123,14,44.76,4,19.5,83,Burley,0
P031,12,158,203,35,69.54,9,23.6,68,Virginia,0
P049,19,84,169,16,67.58,7,23.0,91,Burley,0
P095,2,57,133,24,55.96,4,21.7,74,Virginia,0
P095,17,226,215,33,21.4,6,36.0,67,Oriental,0
P066,20,175,209,16,49.29,4,21.0,56,Burley,0
P019,3,111,146,63,79.11,2,33.2,85,Oriental,0
P067,4,126,241,41,27.29,3,34.0,77,Burley,0
P046,4,71,163,78,34.43,6,20.4,54,Burley,0
P053,9,75,105,85,43.61,7,34.3,74,Virginia,0
P047,4,139,231,73,52.52,6,37.6,75,Burley,1
P050,16,218,211,37,32.58,6,18.3,59,Burley,0
P017,14,175,144,9,42.79,6,18.7,62,Virginia,0
P080,3,169,147,12,53.46,6,27.5,51,Oriental,0
P023,16,189,136,76,40.46,7,27.7,72,Burley,1
P023,5,95,213,57,39.48,3,32.6,81,Oriental,0
P084,20,210,147,40,25.73,9,22.8,89,Virginia,0
P070,7,114,162,21,74.44,5,22.3,67,Burley,0
P086,12,208,174,67,33.76,9,27.9,95,Oriental,1
P037,9,131,145,16,50.62,5,23.4,63,Burley,0
P034,8,192,154,79,29.03,2,23.8,94,Burley,0
P025,2,74,230,39,49.36,2,19.7,86,Oriental,0
P018,18,167,124,76,72.99,3,21.3,57,Burley,1
P075,10,105,196,53,24.89,10,22.1,54,Oriental,1
P030,7,120,222,6,78.69,7,23.1,52,Virginia,0
P085,12,68,207,61,20.13,3,19.3,65,Virginia,0
P033,17,154,146,75,32.53,6,24.5,54,Burley,1
P085,13,123,118,6,59.24,4,30.5,68,Burley,1
P046,18,64,206,30,72.16,10,29.7,75,Virginia,0
P081,4,99,127,53,25.77,3,19.0,80,Virginia,0
P015,15,102,229,5,38.01,8,33.1,58,Oriental,0
P084,19,179,128,67,79.7,3,25.7,53,Burley,0
P089,6,120,204,35,29.89,4,33.8,60,Burley,0
P010,17,84,227,65,46.69,10,35.4,95,Virginia,0
P034,16,79,102,14,23.69,2,21.8,84,Virginia,0
P034,18,236,231,60,25.38,2,36.9,78,Oriental,0
P015,3,202,162,7,35.05,1,27.8,90,Burley,0
P056,9,158,180,51,48.38,3,23.3,76,Virginia,0
P088,5,203,255,66,59.65,10,31.4,92,Burley,0
P036,15,97,200,31,64.14,4,20.5,57,Virginia,0
P090,20,75,228,98,67.18,6,31.9,93,Oriental,0
P041,2,89,205,93,61.3,2,30.0,86,Burley,0
P024,2,236,240,83,73.57,9,31.7,68,Virginia,1
P096,9,145,191,42,48.48,5,21.4,53,Virginia,0
P023,7,184,247,67,51.79,6,30.2,81,Oriental,0
P084,17,229,187,45,67.1,3,24.1,76,Burley,0
P085,11,179,238,9,40.12,1,22.1,88,Oriental,0
P038,11,166,103,14,76.15,4,18.8,53,Burley,0
P008,12,175,236,89,39.06,1,25.2,66,Burley,0
P048,14,54,120,20,34.51,5,34.0,72,Oriental,0
P088,9,159,123,94,73.01,9,20.1,63,Oriental,0
P055,13,184,213,15,51.52,1,30.8,53,Burley,0
P070,9,71,205,5,57.28,7,23.1,71,Oriental,0
P019,13,130,151,87,46.31,10,31.5,74,Oriental,0
P060,19,143,134,33,59.17,10,34.3,93,Oriental,0
P028,12,229,102,75,20.5,8,36.5,78,Burley,0
P067,17,211,142,63,77.79,5,27.3,92,Oriental,0
P036,15,200,164,69,54.8,3,34.3,70,Burley,0
P046,15,196,216,69,59.32,6,26.6,92,Oriental,1
P054,14,186,213,97,22.84,1,27.5,77,Virginia,0
P062,2,212,207,37,60.54,9,23.2,73,Oriental,0
P014,10,134,210,34,70.6,1,34.9,71,Burley,0
P009,8,120,209,0,22.58,9,35.3,60,Oriental,0
P013,13,229,185,14,56.34,7,29.5,86,Oriental,0
P066,5,55,134,97,73.23,10,29.7,79,Oriental,0
P060,11,191,152,55,56.77,5,23.0,59,Burley,0
P068,7,210,249,4,52.46,4,22.1,65,Oriental,0
P009,16,152,156,53,23.27,1,20.9,58,Oriental,0
P003,7,182,128,51,25.28,7,33.6,92,Oriental,0
P096,14,160,112,93,21.36,5,24.1,86,Burley,0
P082,7,106,186,74,65.38,9,28.7,80,Virginia,0
P073,16,176,186,86,24.61,2,31.5,87,Oriental,0
P020,7,130,105,78,24.63,4,37.3,72,Virginia,0
P067,13,193,136,40,23.55,7,26.1,64,Burley,0
P074,11,158,159,5,79.14,2,25.8,68,Oriental,0
P050,12,139,247,19,65.77,1,20.1,87,Oriental,1
P037,5,88,243,28,41.4,8,34.8,52,Virginia,0
P052,20,148,133,30,20.77,6,30.5,90,Burley,0
P053,8,109,245,42,56.76,1,25.7,50,Oriental,0
P063,12,199,145,21,51.0,10,35.8,62,Burley,1
P069,4,172,175,82,25.12,9,37.5,88,Virginia,1
P021,9,240,213,66,30.59,10,34.6,60,Virginia,0
P008,13,154,213,46,45.12,8,26.8,87,Burley,0
P001,2,80,144,59,71.21,9,21.0,85,Virginia,0
P066,6,97,178,31,39.96,3,27.0,52,Burley,0
P070,9,171,195,22,43.4,3,36.9,88,Virginia,0
P070,13,50,113,20,26.74,8,29.6,85,Burley,0
P014,19,157,126,84,40.57,3,26.7,51,Oriental,0
P002,6,164,255,30,25.42,3,23.6,61,Oriental,0
P091,6,230,121,17,39.0,6,34.2,75,Virginia,0
P040,6,66,125,43,71.96,8,36.9,58,Burley,0
P083,3,126,225,24,31.41,9,23.5,75,Burley,0
P044,1,92,246,69,72.83,4,28.1,57,Burley,0
P087,17,179,145,83,26.83,6,33.3,83,Burley,0
P017,13,232,214,26,55.05,6,34.7,85,Burley,0
P054,1,183,130,92,54.01,2,31.7,51,Virginia,0
P030,9,137,254,0,25.64,6,24.9,64,Burley,0
P026,10,233,145,70,67.91,1,30.5,84,Oriental,0
P076,17,212,125,46,70.41,6,26.8,90,Burley,0
P066,5,106,229,99,71.11,3,29.8,64,Oriental,0
P068,18,159,239,93,58.76,8,19.2,90,Burley,0
P017,18,109,129,77,27.57,9,28.4,50,Virginia,0
P036,11,78,130,39,44.74,9,21.5,53,Oriental,0
P014,20,105,237,98,74.1,1,27.2,85,Burley,0
P027,12,87,176,39,26.95,1,36.4,59,Burley,0
P054,13,214,152,8,43.09,4,37.6,73,Burley,0
P033,17,133,121,87,20.12,8,33.9,73,Burley,0
P015,19,122,234,62,30.49,7,19.0,84,Virginia,0
P082,15,223,196,19,76.55,4,24.1,59,Burley,1
P068,3,185,112,71,54.14,8,27.0,81,Burley,0
P084,5,70,235,38,60.94,7,27.5,50,Oriental,0
P069,20,206,218,35,58.93,9,32.8,54,Burley,0
P026,6,79,134,17,66.9,1,37.1,53,Oriental,0
P016,8,97,153,3,45.66,7,30.7,55,Oriental,1
P030,8,95,164,93,57.02,10,30.4,71,Virginia,0
P078,6,102,111,93,53.66,10,24.2,70,Burley,0
P048,16,227,170,94,25.45,5,20.3,83,Oriental,0
P097,14,230,111,12,21.78,7,21.5,51,Virginia,0
P046,1,232,179,53,39.83,7,19.1,80,Oriental,0
P070,8,196,136,4,68.95,7,23.3,92,Oriental,0
P017,1,216,150,7,31.77,2,29.5,69,Virginia,0
P100,12,70,245,92,66.49,1,27.0,50,Virginia,0
P017,18,164,174,11,53.19,3,31.4,80,Oriental,1
P014,10,190,135,37,68.75,10,31.6,63,Virginia,1
P040,18,137,236,57,29.74,1,28.3,75,Oriental,0
P029,11,183,186,81,22.25,9,20.1,57,Oriental,0
P002,7,86,157,83,78.52,9,20.6,64,Burley,0
P058,4,77,113,100,38.26,10,31.2,68,Virginia,0
P081,1,127,150,40,58.51,1,22.0,79,Virginia,0
P079,20,91,220,62,25.93,5,37.7,66,Burley,0
P052,16,70,106,59,59.46,4,35.6,69,Burley,0
P002,15,82,128,61,63.37,7,25.3,74,Burley,0
P078,3,210,132,76,29.78,3,24.6,88,Burley,1
P017,7,72,126,60,31.73,6,24.6,76,Virginia,0
P001,7,158,114,66,33.04,5,29.6,72,Virginia,1
P024,6,219,180,47,76.07,7,25.7,55,Virginia,0
P030,6,237,145,39,33.49,3,27.3,55,Burley,0
P075,13,216,211,97,46.18,9,21.3,80,Burley,0
P074,8,204,100,16,44.84,4,33.0,64,Burley,0
P029,13,156,106,28,56.21,6,26.4,79,Virginia,0
P089,14,130,123,84,43.18,9,18.1,86,Burley,0
P080,16,205,233,42,57.43,7,18.6,86,Burley,0
P087,3,113,112,88,46.88,4,33.6,67,Virginia,0
P082,18,129,220,66,65.78,10,32.6,66,Burley,1
P044,7,128,136,52,44.44,6,31.2,68,Burley,1
P011,11,214,163,64,28.07,9,36.9,74,Virginia,0
P032,13,169,232,68,47.16,9,33.0,87,Burley,0
P047,17,94,201,29,30.16,1,32.7,54,Virginia,0
P009,16,153,230,73,62.56,3,33.9,95,Virginia,0
P100,6,147,246,18,26.12,5,32.6,94,Virginia,0
P034,13,121,158,70,51.32,8,30.6,51,Burley,0
P010,11,177,112,81,75.51,1,33.0,54,Virginia,0
P015,15,189,166,70,58.53,2,26.7,71,Oriental,0
P058,16,126,253,34,54.3,5,20.7,59,Oriental,0
P091,7,146,126,46,42.18,10,35.8,84,Burley,1
P082,13,83,210,81,31.71,5,23.5,89,Oriental,0
P051,3,104,200,63,67.48,8,20.1,88,Oriental,0
P057,19,212,226,68,26.78,8,28.5,64,Burley,1
P088,5,53,252,64,45.27,8,31.0,59,Oriental,0
P026,2,151,238,46,33.25,6,21.4,56,Oriental,0
P037,14,168,246,98,56.86,9,25.0,75,Virginia,0
P018,10,125,172,53,36.53,4,24.6,65,Burley,0
P080,10,161,235,20,64.81,4,27.1,94,Oriental,0
P100,11,80,105,6,79.48,2,31.6,53,Burley,0
P008,3,137,149,69,67.94,3,33.3,88,Virginia,0
P071,8,55,141,4,54.7,8,29.9,55,Virginia,0
P045,17,63,172,49,63.0,9,21.4,84,Virginia,0
P093,14,120,231,77,46.26,10,25.2,84,Virginia,0
P069,2,93,173,7,50.53,1,19.2,53,Oriental,0
P084,18,111,118,68,57.42,5,36.9,67,Virginia,0
P088,5,177,161,36,52.91,5,36.2,77,Oriental,0
P057,19,100,149,71,55.91,8,18.8,56,Oriental,0
P008,5,225,206,8,41.88,7,28.0,95,Virginia,1
P023,19,55,158,75,46.73,7,35.3,63,Oriental,0
P034,13,182,216,53,24.75,4,32.7,58,Oriental,0
P046,11,76,143,91,78.15,3,24.6,54,Burley,0
P069,9,59,200,31,23.04,10,27.4,68,Burley,0
P081,14,159,139,34,31.32,6,26.2,84,Burley,0
P096,6,65,246,45,33.98,6,29.1,75,Virginia,0
P056,17,123,234,92,44.55,8,19.0,75,Virginia,0
P097,20,229,251,92,75.9,5,22.5,64,Burley,1
P034,16,217,231,18,42.17,6,24.4,56,Virginia,1
P023,14,187,156,19,52.51,2,34.7,74,Virginia,0
P019,15,185,255,13,50.94,2,19.3,60,Burley,0
P009,6,200,211,78,72.35,6,25.9,85,Oriental,1
P085,12,92,240,18,74.08,1,37.2,64,Burley,0
P036,5,224,193,58,60.3,1,31.7,61,Burley,0
P016,20,96,136,80,62.42,1,32.4,94,Virginia,0
P037,10,79,202,59,72.97,7,36.3,79,Burley,0
P013,1,204,238,49,23.94,9,22.0,66,Oriental,0
P065,18,199,240,100,53.73,2,25.9,50,Oriental,0
P003,20,92,217,48,23.96,3,18.4,76,Virginia,0
P095,11,172,239,54,43.58,2,36.3,60,Oriental,0
P079,1,107,168,76,49.44,7,24.5,88,Virginia,0
P058,20,197,223,57,58.31,8,33.2,80,Burley,0
P088,10,234,210,9,48.08,4,32.1,89,Burley,0
P097,11,191,239,23,43.76,3,36.7,50,Virginia,0
P097,11,82,240,4,66.11,10,18.3,61,Burley,1
P004,17,97,101,25,44.74,9,20.0,68,Oriental,0
P031,7,79,191,31,57.32,1,24.4,61,Oriental,0
P042,9,107,101,97,72.34,5,33.4,55,Burley,0
P048,14,207,207,8,36.93,7,27.0,74,Virginia,1
P071,4,213,219,3,64.82,10,19.9,56,Virginia,0
P016,8,133,191,77,34.78,7,19.5,53,Oriental,0
P006,1,196,232,61,71.72,8,35.6,54,Burley,0
P050,20,203,145,78,48.65,10,22.5,51,Burley,0
P064,12,168,141,45,31.12,9,36.3,67,Burley,1
P023,15,89,138,21,30.12,5,24.4,79,Virginia,0
P022,4,146,220,24,33.44,1,37.3,71,Burley,0
P066,14,56,109,14,71.68,7,32.0,70,Virginia,0
P033,18,75,202,71,41.27,3,36.7,61,Burley,0
P074,17,200,251,15,31.11,2,20.5,81,Virginia,0
P066,8,224,205,78,21.34,7,29.7,63,Burley,1
P074,20,76,103,75,60.24,2,26.0,75,Virginia,0
P029,17,112,170,70,41.96,5,32.5,59,Virginia,0
P055,18,151,208,48,57.97,2,30.0,55,Oriental,0
P049,14,154,229,36,52.1,10,19.4,82,Virginia,0
P024,3,193,248,38,38.33,2,31.0,81,Burley,0
P011,7,62,246,23,77.48,9,26.9,57,Virginia,0
P100,20,58,237,83,50.19,7,33.6,73,Burley,0
P051,4,222,116,38,65.18,6,25.6,68,Oriental,0
P044,19,105,175,14,75.69,8,30.6,67,Burley,0
P033,16,55,110,29,45.22,6,30.0,90,Virginia,0
P015,15,77,109,54,77.33,1,19.9,52,Virginia,0
P060,2,68,197,27,46.81,10,26.2,60,Virginia,0
P020,13,180,248,45,38.65,8,35.2,70,Burley,1
P047,5,139,126,14,37.01,2,37.3,89,Burley,0
P044,20,93,125,83,43.1,7,32.8,61,Burley,0
P014,15,81,191,0,67.58,5,21.6,76,Burley,0
P006,2,92,106,37,41.03,5,31.4,66,Virginia,1
P022,19,211,197,66,23.65,7,28.4,71,Burley,1
P098,1,92,146,75,52.52,10,26.3,92,Burley,0
P030,15,76,128,86,38.03,7,26.2,88,Virginia,0
P045,18,68,119,89,71.22,9,30.0,76,Virginia,0
P040,10,70,174,98,73.36,6,29.9,85,Oriental,0
P055,18,108,192,17,63.45,3,33.4,55,Burley,0
P085,9,115,240,72,45.0,7,33.2,80,Oriental,0
P035,16,106,156,77,34.37,5,28.9,76,Oriental,0
P091,1,233,235,29,37.15,2,19.0,86,Burley,0
P063,8,223,177,57,41.53,10,35.0,63,Oriental,1
P015,12,227,129,53,28.84,3,18.3,62,Oriental,0
P027,20,91,199,84,63.35,4,23.9,87,Virginia,0
P033,10,127,192,31,64.84,2,37.8,85,Oriental,0
P011,20,185,228,19,79.59,1,29.3,57,Oriental,0
P021,11,75,160,90,62.72,5,33.6,75,Virginia,0
P094,1,131,196,66,42.34,10,28.4,81,Virginia,0
P091,17,224,182,57,34.72,9,20.2,88,Virginia,0
P061,5,129,170,19,69.92,10,30.7,76,Oriental,0
P022,14,160,121,24,37.5,3,24.7,90,Virginia,0
P040,7,139,217,35,26.79,8,20.2,83,Burley,0
P008,20,176,240,74,29.74,7,24.9,72,Oriental,0
P036,15,164,221,39,44.17,1,19.3,94,Burley,0
P080,11,84,174,30,30.29,7,18.1,89,Oriental,0
P023,14,217,178,47,61.03,8,30.3,59,Burley,0
P043,19,108,163,29,38.46,3,22.1,85,Oriental,0
P073,3,102,174,66,77.58,10,28.2,64,Virginia,0
P086,18,90,133,71,54.93,6,20.2,89,Virginia,0
P083,15,171,155,72,65.35,1,27.0,93,Burley,0
P048,5,223,114,72,35.3,8,31.0,79,Oriental,0
P008,4,239,150,67,25.6,3,19.2,57,Burley,0
P048,12,85,151,32,65.93,1,28.0,71,Virginia,0
P019,19,133,133,33,38.79,2,26.0,62,Virginia,0
P047,19,51,171,47,48.0,5,27.8,62,Virginia,0
P057,2,207,229,71,29.22,10,35.8,71,Oriental,0
P052,5,188,164,11,33.29,10,19.7,67,Oriental,0
P092,1,56,146,16,26.43,7,19.5,79,Oriental,0
P091,6,50,129,76,50.97,1,31.2,50,Oriental,0
P049,18,234,118,37,53.09,9,35.3,53,Virginia,1
P049,8,239,229,0,50.16,1,32.3,78,Virginia,0
P076,6,189,218,31,31.26,8,29.9,60,Virginia,1
P045,20,180,129,63,46.44,3,18.1,52,Burley,0
P099,4,202,110,32,46.21,6,22.6,65,Burley,1
P030,3,68,227,20,37.5,8,26.0,59,Virginia,0
P076,8,157,139,82,75.74,8,28.3,59,Burley,0
P003,4,153,250,2,52.26,10,29.2,88,Burley,0
P067,2,161,176,52,45.11,2,26.2,53,Burley,0
P016,2,86,173,12,49.42,9,33.7,82,Virginia,0
P028,17,100,100,51,30.76,6,19.7,57,Virginia,0
P010,5,134,132,0,73.24,9,34.1,51,Oriental,1
P046,5,152,150,82,22.02,8,29.5,50,Oriental,1
P084,14,61,226,60,29.14,3,23.6,62,Oriental,0
P099,11,82,179,21,56.08,5,24.4,92,Oriental,0
P010,3,165,112,75,62.89,7,30.1,93,Oriental,0
P066,16,95,194,57,37.1,9,21.9,53,Virginia,0
P017,20,141,206,40,47.57,8,25.4,75,Oriental,0
P050,1,67,232,49,36.2,6,35.0,54,Oriental,0
P039,4,67,208,91,67.71,9,22.5,93,Virginia,0
P001,3,75,164,21,20.76,1,34.8,71,Oriental,0
P008,6,71,115,85,48.49,9,26.4,79,Virginia,0
P047,3,85,155,63,77.65,3,28.7,70,Virginia,0
P021,18,168,197,94,59.88,7,32.8,69,Virginia,0
P012,15,172,242,58,67.6,5,27.7,62,Virginia,0
P030,4,177,107,94,23.46,4,35.2,77,Oriental,0
P025,15,141,230,88,45.96,2,34.4,58,Virginia,0
P052,18,214,101,48,30.33,9,36.5,79,Virginia,1
P044,11,63,194,68,46.15,1,21.9,50,Virginia,0
P002,9,136,223,78,22.26,7,35.0,86,Burley,0
P059,9,82,113,50,73.01,2,18.7,82,Burley,0
P054,8,174,139,60,55.42,10,22.5,83,Oriental,0
P012,10,210,148,22,23.65,3,22.7,95,Virginia,0
P071,19,162,170,84,57.97,1,32.1,77,Burley,0
P082,7,165,179,27,46.14,8,26.1,57,Oriental,1
P074,5,82,138,77,36.01,3,37.9,60,Virginia,0
P048,18,206,113,84,28.68,1,30.1,90,Burley,0
P035,7,168,210,100,59.27,6,35.8,88,Virginia,0
P002,6,75,100,50,49.54,9,23.8,54,Virginia,0
P083,4,82,121,54,76.03,4,26.1,90,Virginia,0
P004,2,122,143,1,33.73,2,34.0,72,Burley,0
P023,10,73,255,67,76.38,1,37.0,70,Oriental,0
P019,16,236,109,22,33.75,9,18.4,71,Oriental,0
P021,6,127,164,36,35.63,5,21.0,73,Virginia,0
P090,4,99,150,47,59.8,4,23.2,62,Oriental,0
P064,17,219,165,40,61.59,1,23.8,51,Oriental,0
P047,11,113,160,51,69.61,6,23.5,69,Virginia,0
P072,13,102,234,52,65.56,7,20.1,57,Oriental,0
P096,15,69,182,26,62.86,10,30.8,50,Burley,0
P048,2,144,149,92,25.58,8,27.3,81,Virginia,1
P088,15,112,135,61,71.47,7,37.7,58,Burley,0
P077,6,213,102,36,36.88,6,20.4,66,Burley,1
P058,11,137,243,87,39.73,6,35.4,61,Burley,0
P050,15,105,158,83,23.05,3,25.2,72,Burley,0
P012,14,134,215,38,48.63,4,32.1,75,Oriental,0
P032,4,195,201,65,48.54,5,28.5,74,Oriental,1
P040,4,185,132,80,54.0,8,22.5,54,Virginia,0
P016,20,185,157,3,74.83,9,19.9,74,Burley,0
P081,7,201,112,89,66.47,2,25.6,71,Burley,0
P026,1,200,126,24,45.37,4,24.1,76,Virginia,0
P073,7,206,197,97,50.5,6,27.8,50,Virginia,1
P089,12,149,178,52,35.65,7,37.3,71,Oriental,0
P063,19,98,207,45,41.27,9,21.6,63,Burley,0
P042,13,141,121,31,69.18,1,20.0,89,Oriental,0
P031,3,211,200,3,27.42,10,37.7,67,Virginia,0
P085,5,91,140,25,56.48,4,18.7,60,Virginia,0
P060,10,159,191,17,68.98,3,22.1,84,Oriental,0
P074,17,96,149,34,25.9,1,21.3,51,Virginia,0
P096,6,206,245,19,52.73,6,34.7,81,Oriental,0
P051,9,223,114,2,60.72,1,20.3,67,Burley,0
P019,13,161,139,49,71.97,10,37.4,83,Burley,1
P051,14,51,215,79,53.62,3,35.7,92,Oriental,0
P053,16,52,109,16,44.62,5,29.9,67,Burley,0
P034,6,177,215,49,26.89,8,30.8,71,Virginia,1
P020,11,174,204,91,42.38,5,31.7,92,Burley,1
P011,12,168,109,29,34.5,2,27.6,56,Virginia,0
P057,15,234,141,84,28.36,4,27.4,54,Oriental,0
P001,1,140,103,65,65.85,3,35.7,53,Oriental,0
P099,17,65,200,55,65.53,9,21.0,89,Burley,0
P013,12,173,205,46,58.09,5,20.2,57,Virginia,0
P028,5,102,220,20,34.93,2,23.1,62,Virginia,0
P035,9,237,155,90,39.89,6,36.0,64,Virginia,1
P085,12,123,111,27,73.33,1,28.1,71,Burley,0
P056,13,230,120,73,74.21,4,31.9,72,Burley,0
P057,16,205,137,76,57.32,6,23.5,64,Virginia,0
P085,5,129,220,55,73.92,2,29.0,81,Burley,0
P032,9,215,134,90,71.35,10,32.1,84,Virginia,1
P063,19,69,181,16,75.07,9,36.6,74,Oriental,0
P099,11,163,208,75,67.71,7,19.8,91,Burley,0
P014,5,205,190,19,55.61,8,23.0,95,Virginia,0
P036,19,190,230,99,69.13,3,28.7,95,Oriental,1
P016,12,83,203,87,49.83,5,24.2,80,Oriental,0
P057,7,227,205,51,59.51,5,37.9,75,Oriental,0
P070,20,212,103,45,54.19,9,37.6,85,Oriental,1
P074,5,66,209,58,27.87,5,21.4,68,Virginia,0
P023,3,127,106,25,29.07,8,30.8,87,Burley,0
P025,5,118,120,93,68.37,4,33.1,75,Oriental,0
P059,14,217,223,7,26.97,5,28.1,89,Oriental,1
P080,5,90,243,45,43.32,10,28.1,55,Virginia,1
P070,7,82,144,92,71.07,1,19.5,60,Burley,0
P060,19,154,109,81,48.08,4,37.7,65,Burley,0
P071,13,106,174,5,56.01,10,28.5,63,Burley,0
P083,15,64,180,18,63.6,2,26.7,71,Virginia,0
P040,16,233,181,95,68.77,8,32.6,95,Virginia,0
P012,5,213,186,55,34.89,6,27.6,92,Burley,0
P047,17,227,115,16,42.0,7,30.1,81,Burley,0
P088,8,168,246,57,43.05,5,30.9,58,Burley,0
P006,16,165,142,87,61.48,4,19.1,51,Oriental,0
P043,12,181,184,97,64.14,2,29.3,76,Burley,0
P051,14,187,164,47,39.85,1,26.1,65,Oriental,0
P033,1,209,159,69,40.23,5,33.1,64,Burley,0
P024,5,79,125,14,42.1,6,30.5,79,Burley,0
P089,6,52,146,88,73.93,6,26.7,74,Virginia,0
P021,16,60,242,86,28.38,10,20.2,83,Burley,0
P024,14,168,111,44,41.74,8,21.3,53,Virginia,0
P015,9,133,219,11,54.84,2,19.9,59,Burley,0
P074,9,211,190,46,37.14,2,36.0,70,Burley,0
P063,12,107,244,79,69.08,4,25.9,60,Virginia,0
P002,16,106,136,61,22.22,6,28.6,79,Virginia,0
P096,16,176,166,89,74.19,2,34.7,72,Oriental,0
P026,1,74,206,28,60.45,6,28.2,85,Burley,0
P053,2,213,149,33,36.08,7,32.4,95,Oriental,0
P084,6,119,143,14,57.46,3,28.0,84,Virginia,1
P044,9,218,172,27,32.34,3,31.6,74,Oriental,0
P062,17,198,156,73,79.31,9,23.3,82,Oriental,0
P014,7,63,192,84,30.97,7,25.8,64,Burley,0
P059,10,131,111,4,61.22,9,32.9,72,Burley,1
P044,6,62,243,87,76.85,2,21.4,67,Burley,0
P014,4,104,173,9,77.08,2,35.8,56,Virginia,0
P004,2,170,212,63,56.7,4,20.0,94,Virginia,0
P079,10,178,205,27,25.43,10,31.7,61,Burley,0
P049,20,56,147,68,58.51,7,37.5,93,Oriental,0
P019,9,221,147,15,49.16,6,21.9,62,Virginia,0
P078,4,117,210,49,78.26,4,18.3,80,Burley,0
P033,11,120,255,87,44.95,8,28.1,88,Virginia,0
P081,13,80,224,2,79.27,4,22.9,59,Burley,0
P039,10,56,166,29,79.43,3,29.6,62,Burley,0
P082,8,118,153,17,44.8,10,27.6,59,Virginia,0
P014,10,230,146,39,71.73,9,33.1,77,Virginia,1
P086,12,60,195,14,25.8,5,35.6,79,Oriental,0
P076,1,102,202,71,39.28,1,21.8,92,Burley,0
P040,10,109,248,29,52.84,6,27.6,94,Burley,0
P005,17,176,166,21,30.69,10,31.0,95,Burley,1
P094,11,116,115,71,74.61,1,36.8,92,Burley,0
P096,1,222,120,29,67.9,2,34.0,69,Oriental,0
P060,18,104,117,74,36.7,6,37.3,57,Virginia,0
P027,15,188,117,41,48.06,10,25.3,73,Oriental,0
P099,3,147,147,81,38.47,2,22.0,55,Virginia,0
P042,19,129,243,23,59.76,2,25.8,61,Burley,0
P063,9,126,172,82,73.03,2,35.1,89,Virginia,0
P098,7,50,112,69,23.79,8,24.1,53,Virginia,0
P068,13,114,129,21,45.64,6,24.8,52,Virginia,1
P069,6,127,228,95,68.72,7,22.9,81,Virginia,0
P044,5,181,120,26,78.89,4,18.7,78,Oriental,0
P013,11,212,209,88,58.6,4,23.4,74,Virginia,0
P065,1,66,217,72,24.61,6,25.9,50,Virginia,0
P007,13,109,174,99,31.35,3,26.1,86,Oriental,1
P070,13,62,128,52,20.35,1,33.6,84,Virginia,0
P056,12,92,192,40,39.25,8,34.6,91,Oriental,0
P036,1,189,126,21,47.04,6,27.0,82,Burley,0
P097,13,203,215,83,26.05,4,18.4,56,Burley,1
P029,19,134,252,28,66.52,9,24.4,83,Virginia,0
P067,14,100,254,9,42.96,5,22.2,50,Burley,0
P075,16,219,195,88,31.47,3,26.5,91,Oriental,0
P067,1,206,215,42,53.5,1,29.5,88,Burley,0
P036,7,170,115,90,29.9,2,32.3,88,Burley,0
P092,11,63,176,83,79.35,7,29.8,56,Oriental,0
P006,4,134,151,86,55.09,4,28.2,88,Oriental,1
P063,15,209,132,0,64.75,10,24.0,93,Oriental,0
P087,17,221,188,45,20.76,4,25.3,60,Virginia,0
P018,9,74,147,43,76.37,4,22.0,82,Burley,0
P045,7,51,209,28,55.96,8,25.9,64,Burley,0
P088,1,109,141,99,25.19,9,25.4,83,Burley,0
P065,10,226,172,17,44.84,8,24.0,52,Oriental,0
P072,14,191,112,54,32.02,3,28.6,84,Burley,0
P096,3,73,184,83,66.69,1,31.3,56,Virginia,0
P081,11,209,188,47,54.68,9,29.6,86,Virginia,1
P070,14,145,182,80,52.19,8,28.1,76,Virginia,0
P050,9,56,247,74,32.52,10,19.6,84,Oriental,0
P091,2,157,155,84,52.48,2,29.7,60,Oriental,0
P100,17,224,218,24,49.8,5,25.3,72,Burley,1
P092,13,233,122,15,45.12,10,24.2,66,Burley,0
P099,10,184,139,37,32.98,2,27.0,78,Virginia,1
P041,5,80,241,15,39.01,3,28.0,57,Virginia,0
P058,14,174,135,25,23.31,9,19.6,63,Virginia,0
P006,12,73,103,51,71.83,10,30.1,53,Oriental,0
P051,14,188,254,84,58.58,5,35.2,66,Oriental,0
P034,10,68,214,57,45.89,4,37.1,55,Oriental,0
P034,10,227,253,2,20.84,8,36.1,83,Virginia,0
P026,12,209,207,57,45.28,2,18.1,86,Virginia,0
P031,2,87,204,25,39.1,3,30.9,74,Oriental,0
P065,18,128,122,66,74.74,1,27.5,87,Burley,0
P083,13,115,162,56,76.91,8,23.2,55,Virginia,0
P044,14,93,217,31,43.45,10,37.7,90,Burley,0
P032,18,128,210,42,57.62,6,18.2,69,Virginia,0
P022,19,158,169,25,50.38,3,22.9,78,Burley,0
P029,18,66,198,95,76.84,4,26.3,68,Oriental,0
P084,5,107,129,69,51.34,6,36.5,51,Oriental,0
P020,13,175,251,42,60.19,3,24.5,89,Virginia,0
P032,16,165,117,21,75.04,3,32.9,87,Virginia,0
P061,9,177,218,4,28.04,7,25.9,71,Oriental,1
P021,14,157,116,28,61.69,9,27.5,72,Oriental,1
P085,7,223,133,82,28.19,2,35.2,79,Virginia,0
P070,19,173,174,65,50.68,9,19.6,72,Virginia,0
P098,17,211,134,7,53.02,4,34.3,82,Burley,1
P088,3,227,240,6,34.39,5,20.6,67,Burley,0
P031,18,92,237,61,70.86,9,33.9,76,Burley,0
P029,20,79,125,21,71.99,1,34.9,94,Virginia,0
P027,6,135,106,58,23.93,1,32.9,51,Burley,0
P079,17,145,131,76,32.9,2,27.3,88,Burley,0
P020,9,55,227,67,60.54,4,25.6,71,Burley,0
P014,7,219,192,58,73.06,8,24.8,94,Virginia,0
P051,4,137,181,90,78.46,9,32.8,51,Burley,0
P089,8,161,214,29,33.18,7,22.2,58,Virginia,0
P005,10,206,142,22,53.06,8,18.4,65,Virginia,0
P053,20,101,237,82,57.12,8,23.8,83,Oriental,0
P077,2,240,223,79,20.26,7,31.0,54,Oriental,1
P067,10,106,173,50,72.96,10,23.2,78,Oriental,0
P032,14,230,118,61,65.18,7,19.7,62,Virginia,0
P065,9,180,185,99,21.35,9,31.7,78,Oriental,1
P100,8,187,132,64,51.83,8,37.0,75,Burley,0
P009,14,57,212,21,62.2,6,24.4,55,Oriental,0
P010,20,142,136,30,70.42,7,22.3,58,Virginia,0
P097,8,144,122,36,26.61,3,24.2,54,Burley,0
P049,14,180,213,76,39.55,4,26.6,72,Virginia,1
P099,7,140,172,43,67.97,1,24.4,64,Burley,0
P002,17,89,114,62,39.03,7,28.4,90,Virginia,0
P042,6,94,216,48,79.82,10,20.4,81,Virginia,0
P028,15,151,119,65,22.74,3,33.5,67,Oriental,0
P010,9,128,225,32,48.63,1,34.2,82,Burley,0
P056,6,107,226,8,52.32,5,30.4,85,Virginia,0
P035,5,156,118,54,79.04,1,34.9,77,Oriental,0
P023,20,91,170,76,27.19,9,25.4,56,Burley,0
P083,18,94,132,38,61.07,2,29.9,56,Virginia,0
P087,5,158,198,64,44.82,8,28.0,73,Burley,0
P059,5,120,181,73,34.0,2,21.9,70,Oriental,0
P039,14,106,203,75,55.99,1,24.4,94,Burley,0
P016,8,193,167,74,74.19,1,34.3,72,Burley,0
P088,1,215,108,8,61.91,9,32.6,78,Virginia,1
P092,17,205,134,24,55.76,4,25.2,73,Burley,0
P055,4,177,243,46,22.52,5,29.4,56,Virginia,0
P078,19,98,183,55,66.56,10,18.2,62,Oriental,0
P070,16,180,171,63,39.78,2,25.1,69,Burley,0
P009,13,220,253,44,64.79,4,34.7,92,Virginia,1
P071,5,75,209,23,46.62,7,24.2,61,Virginia,0
P093,5,218,154,2,42.24,6,21.8,66,Oriental,0
P033,9,196,189,70,39.63,10,21.1,77,Burley,0
P026,18,211,133,42,42.85,5,26.0,74,Virginia,0
P010,9,228,220,19,75.59,8,34.8,90,Virginia,0
P072,4,166,222,71,78.47,10,27.4,70,Virginia,0
P098,14,240,194,11,25.4,10,23.5,59,Virginia,0
P094,5,83,250,93,77.07,5,36.0,86,Virginia,0
P015,12,237,229,56,75.41,1,24.6,89,Burley,0
P050,13,120,247,18,52.19,4,18.2,77,Virginia,0
P004,1,227,236,77,71.6,7,33.9,56,Virginia,0
P009,18,196,129,1,27.25,4,21.1,69,Burley,0
P048,4,137,175,48,31.16,10,21.0,74,Burley,0
P036,6,115,178,69,35.51,1,20.0,60,Virginia,0
P023,16,232,247,29,78.24,5,19.3,59,Virginia,0
P052,14,166,152,87,51.15,4,34.3,56,Virginia,0
P085,1,197,147,75,49.39,2,30.0,65,Oriental,0
P006,6,110,168,67,39.4,7,27.4,73,Oriental,0
P049,1,184,192,44,21.67,9,33.8,82,Burley,1
P094,2,53,121,76,46.29,3,27.3,62,Virginia,0
P082,18,237,223,51,63.52,9,29.0,59,Virginia,1
P040,9,71,223,0,21.98,6,28.3,75,Burley,0
P093,4,185,195,98,42.62,9,21.1,91,Oriental,0
P041,5,99,239,79,54.55,8,32.4,77,Burley,0
P052,19,160,206,44,23.38,3,25.5,50,Oriental,1
P020,7,124,102,88,42.99,8,24.5,61,Burley,0
P072,17,194,137,50,75.34,5,28.3,58,Oriental,0
P033,6,230,183,99,26.4,7,24.2,50,Oriental,0
P021,12,201,245,74,23.09,3,20.0,59,Virginia,0
P057,3,161,100,42,31.25,8,19.9,90,Burley,0
P081,17,117,158,38,50.47,5,33.9,93,Burley,0
P081,4,173,147,99,64.03,8,33.8,86,Virginia,0
P087,7,88,199,59,74.66,1,30.4,61,Virginia,0
P023,20,200,154,3,43.61,9,29.0,90,Oriental,1
P095,7,233,208,32,47.52,1,37.3,71,Virginia,0
P076,20,191,127,46,68.72,7,26.1,60,Burley,0
P056,10,186,253,5,74.14,3,35.3,80,Oriental,0
P075,18,97,233,19,72.23,10,34.7,56,Oriental,0
P012,15,59,112,15,45.08,1,18.7,66,Oriental,0
P026,20,71,110,91,71.63,8,20.4,70,Oriental,0
P071,1,78,237,98,26.58,3,37.6,77,Oriental,0
P014,2,70,129,32,79.18,3,35.1,53,Virginia,0
P037,17,156,152,26,66.75,1,37.7,58,Oriental,1
P091,6,228,236,88,40.18,7,35.4,74,Virginia,0
P030,8,121,177,32,33.82,8,31.3,87,Burley,0
P097,16,88,183,20,41.17,9,35.1,78,Oriental,0
P073,20,115,195,51,39.69,1,21.0,82,Burley,0
P058,3,237,128,4,59.71,9,19.5,55,Virginia,0
P022,4,96,100,67,69.36,2,30.7,82,Burley,0
P089,9,58,140,4,75.35,7,19.5,83,Burley,0
P095,9,129,254,21,66.68,5,19.6,85,Burley,0
P025,18,160,227,63,30.48,7,25.5,73,Virginia,0
P030,20,137,195,14,56.02,3,31.1,58,Burley,0
P069,1,106,193,15,68.26,7,28.1,60,Virginia,0
P075,11,197,238,56,52.84,4,26.5,62,Burley,1
P002,3,96,164,78,40.56,7,28.8,70,Burley,0
P046,19,62,232,66,56.29,8,36.1,52,Burley,0
P095,20,117,186,16,79.41,4,35.2,53,Virginia,0
P082,9,79,136,13,47.22,8,21.3,68,Burley,0
P093,1,218,127,37,56.16,4,36.0,68,Burley,0
P037,3,95,206,47,53.4,1,34.0,94,Virginia,0
P030,11,111,206,21,34.55,4,24.3,54,Oriental,0
P026,12,136,181,11,72.35,3,31.0,53,Virginia,0
P063,3,136,136,79,22.39,6,35.1,69,Burley,0
P043,14,199,135,81,56.45,10,23.7,94,Oriental,0
P062,15,194,136,79,49.5,7,31.1,87,Oriental,0
P011,13,185,243,31,25.25,10,26.3,53,Oriental,0
P009,17,160,235,16,56.36,7,23.3,54,Virginia,0
P063,1,77,224,71,29.43,9,30.4,71,Oriental,0
P098,14,55,138,12,58.9,6,36.0,85,Oriental,0
P075,16,93,227,6,51.42,10,36.5,74,Oriental,0
P058,7,196,134,32,22.4,4,21.6,87,Virginia,0
P010,12,207,248,65,43.62,4,33.7,55,Virginia,1
P077,7,195,144,54,44.49,9,30.0,72,Oriental,1
P056,3,161,109,0,34.89,3,20.6,53,Oriental,0
P001,15,188,165,17,51.82,8,18.3,55,Oriental,0
P051,20,152,109,19,46.65,5,35.4,70,Oriental,0
P050,1,101,104,38,47.32,5,25.6,67,Burley,1
P038,2,224,171,46,30.3,10,27.2,72,Virginia,1
P033,10,87,221,38,52.46,9,34.9,65,Virginia,0
P056,17,223,103,41,54.11,6,31.5,77,Virginia,0
P012,14,176,134,53,74.95,5,27.3,50,Burley,0
P062,14,240,171,9,34.96,7,19.0,61,Virginia,0
P030,13,95,125,44,68.09,7,31.4,83,Oriental,0
P021,11,198,154,13,72.28,9,31.3,56,Virginia,1
P092,11,93,125,77,20.79,6,24.5,59,Virginia,0
P099,6,124,215,11,22.41,4,20.4,82,Virginia,0
P030,3,91,151,43,20.13,5,25.0,60,Oriental,1
P002,8,87,178,37,48.16,1,18.4,80,Burley,0
P018,2,217,239,8,50.87,1,23.3,82,Oriental,0
P086,17,138,175,40,27.18,6,36.6,73,Virginia,0
P094,7,103,107,94,21.63,1,30.0,74,Oriental,0
P034,6,89,252,68,33.57,9,21.6,67,Virginia,0
P002,20,166,180,73,79.88,7,36.3,93,Oriental,0
P037,19,63,207,44,62.34,3,23.5,66,Burley,0
P013,4,79,236,10,34.0,7,30.0,69,Burley,0
P084,5,108,232,30,30.62,7,20.5,79,Oriental,0
P082,8,237,249,45,46.23,2,24.8,80,Oriental,0
P013,18,101,119,21,26.35,10,29.5,55,Oriental,0
P009,20,144,201,52,45.85,6,18.0,57,Oriental,0
P051,6,215,125,29,31.47,5,33.9,50,Virginia,0
P087,12,58,221,46,34.79,5,26.1,70,Burley,0
P058,13,168,215,68,76.1,2,18.0,63,Oriental,0
P027,12,207,153,19,55.96,2,34.1,70,Burley,0
P093,19,96,203,43,66.25,4,21.0,67,Virginia,0
P003,10,87,254,13,33.44,4,34.0,64,Virginia,0
P028,20,201,150,71,48.23,5,26.1,73,Virginia,0
P085,19,95,136,55,58.51,7,37.2,54,Burley,0
P050,10,205,252,27,23.02,4,29.6,58,Virginia,1
P061,1,185,201,50,33.92,10,22.2,73,Burley,0
P057,4,182,197,39,49.9,8,18.4,81,Oriental,0
P030,10,142,147,90,63.09,1,28.8,73,Oriental,0
P006,2,126,187,84,53.91,1,35.2,51,Oriental,0
P052,12,205,237,18,72.57,10,32.6,61,Virginia,0
P036,20,116,226,69,29.09,5,28.8,75,Burley,0
P085,12,153,152,56,20.03,6,37.6,80,Burley,0
P050,13,205,216,47,31.67,1,22.2,76,Oriental,0
P028,9,117,143,42,42.08,8,36.4,91,Oriental,0
P056,13,53,157,9,50.01,8,20.1,50,Virginia,0
P070,9,170,229,96,64.66,2,25.2,80,Virginia,0
P065,4,159,113,14,26.79,3,37.1,88,Burley,0
P043,6,56,141,51,32.51,10,28.2,88,Burley,0
P053,20,233,246,7,47.86,1,26.5,66,Virginia,0
P093,1,182,149,53,43.6,9,31.3,71,Burley,1
P045,7,53,153,88,63.9,9,28.2,83,Oriental,0
P098,6,202,114,96,69.32,3,19.7,80,Burley,0
P064,13,175,252,17,51.69,1,22.9,88,Burley,0
P088,9,54,146,13,79.91,1,18.5,61,Virginia,0
P073,14,196,195,25,46.86,2,36.9,79,Burley,0
P011,14,60,146,38,46.82,6,26.1,91,Virginia,0
P083,20,196,215,27,24.76,4,24.9,86,Oriental,1
P067,12,72,140,99,64.85,7,21.5,65,Burley,0
P050,10,98,196,53,47.54,10,18.7,55,Virginia,0
P065,5,54,216,97,67.58,9,31.8,91,Oriental,1
P096,18,80,206,14,50.06,4,27.4,87,Virginia,0
P056,5,140,238,39,78.92,4,28.9,56,Virginia,0
P022,6,199,119,1,74.88,9,21.3,59,Burley,0
P094,4,146,243,65,42.97,3,19.2,78,Virginia,1
P045,12,200,235,52,64.65,4,31.6,93,Virginia,1
P026,12,219,210,47,53.62,2,19.6,53,Burley,0
P022,9,63,175,68,64.28,6,31.3,56,Oriental,0
P076,10,204,117,93,56.64,6,28.9,67,Oriental,0
P072,2,146,253,97,72.28,8,19.0,52,Virginia,0
P027,14,149,163,19,71.9,8,24.6,81,Oriental,1
P043,10,168,118,34,78.86,10,19.1,91,Virginia,0
P060,8,156,149,7,20.94,7,23.3,89,Burley,0
P023,1,51,240,89,31.63,1,23.0,70,Burley,0
P010,2,64,210,38,20.58,1,21.1,70,Burley,0
P040,3,200,161,77,54.52,10,28.9,54,Burley,1
P050,15,236,228,10,31.21,6,32.0,90,Oriental,1
P057,6,137,114,44,24.52,1,34.4,71,Virginia,0
P057,5,195,226,77,38.43,10,31.3,58,Burley,0
P086,20,120,195,23,33.77,9,26.8,60,Burley,0
P046,5,57,140,99,77.69,10,20.2,83,Oriental,0
P001,13,168,148,55,79.44,9,21.5,58,Oriental,0
P056,15,140,171,35,51.51,2,32.6,76,Virginia,0
P036,18,126,191,93,24.55,8,37.2,78,Burley,0
P080,1,85,106,38,31.21,2,21.9,68,Burley,0
P072,18,103,231,1,46.79,9,21.1,71,Virginia,0
P082,11,119,197,22,22.59,8,30.2,66,Burley,0
P015,17,186,170,95,53.97,5,37.8,69,Oriental,0
P035,11,219,233,17,28.78,9,30.3,58,Burley,0
P012,11,197,139,22,64.12,6,24.7,78,Oriental,0
P028,2,119,100,68,79.37,5,23.3,84,Oriental,0
P014,16,61,167,3,42.84,6,33.4,50,Virginia,0
P052,13,240,119,69,60.12,10,24.3,86,Oriental,0
P073,8,201,175,60,66.49,2,23.8,94,Burley,0
P096,7,85,237,85,27.12,7,21.6,94,Oriental,0
P093,20,172,171,59,25.67,8,25.0,89,Virginia,1
P041,13,191,243,49,64.49,7,32.8,61,Oriental,0
P014,6,71,142,59,29.88,3,30.6,64,Oriental,0
P041,4,239,183,69,50.89,1,21.5,73,Virginia,0
P007,17,97,123,35,46.62,2,25.3,64,Oriental,0
P036,12,195,189,48,28.81,9,19.8,78,Burley,0
P047,14,213,132,22,36.85,5,18.3,87,Oriental,0
P039,10,140,240,86,25.65,2,21.4,50,Oriental,0
P085,2,127,193,96,47.03,7,21.1,56,Burley,0
P008,3,174,221,9,27.81,8,36.8,59,Burley,0
P038,15,68,198,82,31.64,1,27.7,94,Oriental,0
P082,12,92,157,81,23.64,4,30.0,70,Virginia,0
P039,5,179,188,45,43.04,8,19.6,81,Virginia,0
P031,5,202,180,65,47.56,4,19.1,89,Burley,0
P033,8,90,113,92,39.42,7,23.3,53,Burley,0
P081,13,236,127,86,76.63,8,30.2,69,Burley,0
P049,8,234,186,53,66.65,5,35.8,71,Burley,0
P094,3,220,242,51,57.67,8,27.0,62,Burley,1
P079,2,91,124,91,69.59,4,26.6,92,Burley,0
P021,4,117,154,43,55.44,5,33.3,75,Virginia,0
P003,6,148,202,58,51.17,1,37.7,87,Oriental,0
P073,3,66,251,1,76.76,8,24.0,74,Virginia,0
P022,3,57,107,51,55.68,10,37.5,81,Oriental,0
P047,9,153,109,94,42.47,6,30.5,88,Burley,0
P099,12,86,147,83,27.61,2,36.6,74,Virginia,0
P092,8,190,202,51,60.65,3,20.9,86,Virginia,0
P010,16,190,135,71,77.22,7,30.7,95,Virginia,0
P004,9,135,153,24,42.59,6,22.8,84,Virginia,0
P071,20,175,161,19,72.99,8,31.3,61,Virginia,1
P060,1,62,152,35,62.28,5,27.2,78,Virginia,0
P025,12,137,238,77,33.16,8,23.9,75,Burley,0
P066,11,104,223,6,72.05,7,20.7,82,Virginia,0
P006,17,203,163,19,22.0,9,30.6,64,Oriental,1
P022,12,170,255,51,68.3,9,27.1,61,Oriental,0
P014,4,123,235,27,36.12,5,37.6,54,Burley,0
P045,6,208,141,80,51.62,5,36.3,65,Oriental,0
P079,10,92,177,50,64.09,2,19.6,90,Burley,0
P045,6,215,116,19,32.21,2,29.5,93,Oriental,0
P058,19,238,162,34,34.95,3,21.0,70,Burley,0
P060,5,198,215,45,29.31,3,21.4,63,Virginia,0
P032,6,142,123,13,56.02,6,21.2,82,Virginia,0
P071,17,86,209,71,26.26,4,35.2,77,Virginia,0
P010,13,184,160,97,33.43,10,22.9,92,Burley,0
P060,4,132,171,3,56.25,7,33.2,70,Burley,0
P066,1,105,217,35,30.87,6,19.1,78,Burley,0
P077,9,170,148,85,70.74,5,35.8,75,Burley,0
P089,11,53,109,51,35.15,8,32.7,68,Virginia,0
P062,3,107,153,13,79.02,7,28.1,56,Burley,0
P085,15,103,121,30,28.71,9,28.6,52,Virginia,0
P094,4,228,163,7,74.71,5,23.8,83,Oriental,0
P094,9,198,134,96,64.01,1,37.9,93,Virginia,0
P037,13,169,114,13,51.97,2,32.5,91,Oriental,0
P045,10,236,133,89,40.77,4,21.2,79,Virginia,0
P054,11,123,207,78,25.8,8,24.2,72,Burley,0
P012,17,214,180,5,39.37,1,27.8,53,Burley,0
P044,13,226,115,41,32.3,4,21.2,94,Burley,0
P013,19,240,168,79,50.74,7,36.7,95,Burley,0
P058,4,239,120,60,45.66,6,23.1,55,Oriental,0
P031,13,213,184,19,76.05,4,37.8,52,Oriental,0
P100,19,58,165,91,68.03,8,26.5,74,Burley,0
P019,1,233,116,86,77.26,2,20.2,54,Burley,0
P080,11,68,241,96,25.28,7,20.1,77,Oriental,0
P056,4,148,158,93,47.47,4,26.6,70,Virginia,1
P091,13,136,215,97,52.98,4,34.4,79,Virginia,0
P077,12,70,158,21,52.24,2,29.5,95,Oriental,0
P094,6,91,204,33,77.59,2,19.5,62,Burley,0
P094,10,171,191,83,32.02,6,37.0,83,Oriental,0
P073,2,83,139,5,20.87,2,25.6,50,Virginia,0
P005,13,199,114,61,39.05,4,36.1,59,Oriental,0
P070,4,202,103,85,23.45,2,18.1,75,Burley,0
P006,19,131,175,15,37.82,9,20.4,90,Burley,0
P058,14,209,209,93,23.44,9,19.0,95,Burley,0
P058,4,88,153,81,32.93,1,28.0,66,Oriental,1
P043,20,235,133,80,26.81,4,27.7,50,Oriental,0
P041,20,92,165,62,21.02,4,37.1,65,Burley,0
P008,3,95,227,76,54.37,4,23.0,71,Virginia,0
P050,15,182,149,25,61.3,6,34.3,62,Burley,0
P085,17,162,147,87,40.23,4,21.7,79,Burley,0
P031,11,221,165,9,25.11,8,28.1,67,Oriental,0
P061,18,164,237,88,51.24,9,29.8,78,Oriental,0
P078,11,215,179,47,79.51,4,23.9,60,Burley,0
P021,10,190,189,76,77.82,7,37.1,61,Burley,0
P013,20,187,153,32,39.89,8,29.5,82,Virginia,0
P059,3,52,164,27,74.88,8,23.7,51,Oriental,0
P091,4,102,156,60,56.5,1,24.0,95,Burley,0
P008,14,176,150,86,52.85,5,31.7,56,Virginia,0
P077,12,58,220,100,41.39,9,25.9,80,Virginia,0
P090,14,58,154,56,29.02,7,32.3,83,Oriental,0
P037,5,138,157,32,65.4,7,35.0,59,Burley,0
P047,18,221,137,57,60.02,8,31.6,55,Burley,0
P088,7,181,244,6,75.13,9,36.1,65,Virginia,0
P047,5,89,185,27,39.15,2,33.5,64,Oriental,0
P037,7,117,226,95,43.47,10,25.3,95,Virginia,0
P086,19,97,229,31,44.74,2,29.9,92,Burley,0
P046,6,66,214,63,72.77,7,18.4,73,Burley,0
P028,15,196,247,17,40.82,4,29.1,82,Oriental,0
P006,3,142,149,76,25.61,7,18.6,77,Burley,0
P070,6,157,207,5,56.88,3,25.9,68,Burley,0
P072,13,166,148,49,26.58,3,20.0,90,Burley,0
P072,10,155,174,62,46.05,5,19.1,62,Virginia,0
P046,2,82,104,47,50.42,8,36.6,63,Virginia,0
P077,12,167,249,29,21.18,1,34.6,51,Virginia,0
P006,8,196,228,4,51.87,5,20.8,68,Virginia,0
P004,14,183,245,99,58.87,10,23.0,86,Virginia,0
P008,5,227,161,53,54.68,8,22.2,58,Oriental,0
P068,3,121,125,72,30.79,5,20.2,60,Burley,0
P085,19,191,243,92,68.2,1,21.3,71,Burley,0
P087,5,50,152,97,36.89,6,25.1,82,Virginia,0
P088,15,51,179,48,48.23,5,20.8,67,Burley,0
P048,10,204,248,59,36.4,10,37.1,59,Oriental,0
P077,12,83,100,55,59.93,2,26.8,67,Oriental,0
P048,16,130,199,10,22.82,1,32.8,94,Burley,0
P012,3,225,242,75,33.35,5,27.9,70,Burley,1
P020,9,170,159,62,70.12,3,25.7,64,Burley,1
P009,9,209,151,94,78.39,3,36.6,50,Virginia,0
P034,12,211,251,30,45.94,9,21.9,90,Oriental,0
P054,17,125,225,10,33.83,3,18.1,86,Burley,0
P038,8,140,152,41,53.49,10,37.0,54,Virginia,0
P015,5,188,232,11,39.59,9,33.2,79,Virginia,0
P090,3,87,193,38,54.92,1,29.7,78,Oriental,0
P024,7,181,238,65,26.02,2,35.1,91,Oriental,0
P018,12,215,112,36,72.53,3,34.6,85,Virginia,0
P013,19,69,187,31,46.46,10,33.3,62,Oriental,1
P079,7,203,105,45,80.0,1,27.4,91,Virginia,1
P047,13,163,230,86,56.46,9,37.8,77,Virginia,0
P046,13,116,214,68,33.89,6,20.6,79,Virginia,0
P020,14,86,213,9,22.43,8,23.7,91,Oriental,0
P083,20,152,216,45,33.86,2,32.1,80,Burley,0
P066,2,106,111,59,74.39,2,25.9,71,Oriental,0
P046,2,126,155,44,72.21,8,28.9,93,Oriental,1
P099,13,153,183,50,79.17,4,20.1,52,Burley,0
P012,5,179,185,51,55.44,6,19.1,62,Virginia,0
P100,2,223,118,97,46.84,1,33.9,55,Burley,0
P018,3,179,180,56,69.79,2,26.9,60,Oriental,0
P062,5,163,112,58,78.99,5,25.1,60,Virginia,0
P093,18,107,179,40,33.51,4,29.0,68,Burley,1
P031,2,65,244,19,50.21,8,33.0,60,Oriental,0
P007,1,228,205,21,63.38,3,35.0,50,Virginia,0
P058,5,178,106,26,56.4,3,23.4,51,Virginia,0
P019,4,81,110,61,31.04,5,21.7,57,Virginia,0
P066,20,155,130,41,66.73,10,25.1,79,Burley,0
P064,2,109,210,83,62.15,6,24.9,55,Virginia,0
P058,3,216,180,0,29.9,1,23.2,94,Oriental,0
P022,19,222,105,69,59.86,10,34.5,54,Burley,1
P070,9,214,140,91,47.25,10,19.6,64,Oriental,0
P005,13,223,170,68,26.26,9,23.6,56,Virginia,0
P065,4,140,172,69,55.83,3,20.9,78,Oriental,0
P091,4,148,249,44,65.42,7,22.1,61,Oriental,0
P082,13,76,167,6,45.75,10,20.9,78,Oriental,0
P012,2,172,151,95,70.56,2,21.2,69,Burley,0
P092,18,74,194,45,73.61,5,31.6,75,Oriental,0
P089,7,201,103,67,46.56,5,33.1,84,Burley,0
P045,1,73,224,67,75.94,2,31.6,84,Oriental,0
P012,8,57,177,72,59.38,3,25.1,60,Oriental,0
P053,19,110,254,25,65.35,8,22.5,51,Virginia,0
P034,17,161,173,21,58.93,7,35.7,90,Oriental,0
P054,5,54,159,21,45.12,5,23.7,95,Virginia,0
P003,6,209,193,55,51.37,8,21.8,72,Virginia,0
P047,18,184,138,57,29.84,9,21.0,74,Oriental,0
P043,1,216,245,36,71.96,3,18.1,94,Virginia,0
P048,6,124,237,27,51.58,7,35.4,72,Virginia,0
P056,7,234,168,2,60.84,8,37.2,95,Virginia,0
P053,5,200,130,21,47.91,8,27.3,61,Virginia,0
P073,12,82,137,35,43.05,10,18.9,82,Oriental,0
P010,19,132,193,14,33.56,1,29.1,54,Burley,0
P039,13,240,163,9,37.49,5,36.4,82,Virginia,0
P068,9,189,152,31,48.52,8,36.6,53,Virginia,0
P043,13,123,169,56,49.88,2,20.4,85,Virginia,0
P085,13,191,137,97,62.28,6,32.5,68,Burley,0
P081,7,123,177,14,73.09,1,30.6,93,Oriental,0
P022,17,88,168,33,39.48,1,33.6,50,Burley,0
P097,18,196,167,6,76.76,10,20.3,77,Virginia,0
P002,13,203,156,58,54.85,10,25.2,51,Oriental,0
P002,10,77,219,66,69.98,10,25.1,62,Virginia,0
P044,14,138,108,42,50.74,9,34.4,64,Oriental,1
P075,14,61,136,50,78.07,7,28.5,61,Oriental,0
P058,15,84,168,84,51.14,1,37.6,77,Virginia,0
P063,19,160,196,89,69.46,2,18.1,82,Virginia,0
P044,6,66,244,46,41.43,4,26.7,62,Oriental,0
P079,16,107,165,45,53.52,4,34.9,78,Oriental,0
P066,1,148,110,0,76.33,5,23.8,75,Virginia,1
P062,3,217,209,70,44.06,10,31.8,64,Burley,1
P037,16,146,187,95,53.82,8,29.3,90,Burley,0
P034,18,108,248,47,50.0,6,30.5,65,Virginia,0
P080,17,148,141,94,48.82,10,27.6,68,Virginia,1
P046,11,77,202,35,59.97,6,20.7,66,Burley,0
P020,7,121,179,39,77.62,8,31.5,68,Virginia,0
P028,2,219,236,49,67.02,5,32.4,68,Virginia,0
P024,15,165,207,49,43.99,3,20.0,60,Virginia,0
P060,9,60,253,75,57.74,9,34.8,60,Burley,0
P039,3,108,157,72,48.35,2,35.0,95,Burley,0
P095,9,209,198,12,31.7,6,32.0,64,Virginia,1
P099,19,217,208,66,38.27,1,34.5,74,Virginia,0
P041,18,127,164,65,77.69,10,29.5,68,Virginia,0
P037,18,173,236,1,71.79,1,26.2,81,Oriental,0
P059,8,88,227,0,39.94,5,35.3,57,Oriental,0
P050,5,111,203,25,74.71,6,22.1,86,Burley,0
P020,8,60,206,92,33.05,6,31.4,53,Virginia,0
P058,3,219,246,3,53.0,7,36.2,74,Virginia,0
P071,7,105,159,73,22.43,7,37.0,64,Oriental,0
P049,4,128,175,61,50.14,5,33.1,75,Virginia,0
P048,17,212,125,26,77.6,8,30.1,85,Oriental,0
P062,3,199,215,73,41.25,7,22.3,87,Oriental,0
P084,11,203,110,100,53.72,1,21.5,64,Burley,0
P052,16,238,136,15,77.89,7,27.3,50,Burley,0
P011,11,57,147,6,37.91,7,19.3,68,Oriental,0
P049,11,117,205,34,55.83,6,37.8,83,Oriental,0
P085,6,59,158,16,54.12,10,34.4,76,Oriental,0
P036,9,202,207,34,65.61,6,23.2,94,Virginia,0
P008,3,120,200,98,62.48,10,22.4,73,Oriental,0
P044,11,84,169,29,33.17,2,36.5,87,Virginia,0
P065,17,146,250,72,47.41,9,31.8,85,Burley,0
P004,19,206,198,59,27.93,9,32.3,52,Oriental,1
P060,17,55,122,20,60.73,7,28.9,91,Burley,0
P020,2,58,223,41,79.27,4,22.8,84,Oriental,0
P003,7,105,235,29,38.34,8,32.6,58,Oriental,0
P074,20,194,116,70,42.27,1,19.1,62,Virginia,0
P086,19,59,118,70,32.37,6,37.3,58,Oriental,0
P054,18,139,167,50,44.66,8,25.8,82,Oriental,1
P024,3,148,180,25,78.2,1,18.4,54,Virginia,0
P028,1,211,159,94,54.88,10,35.1,54,Oriental,1
P008,1,92,244,53,44.63,9,37.8,91,Oriental,0
P085,5,56,213,84,62.98,9,22.4,85,Oriental,0
P025,4,224,168,44,61.41,9,25.6,64,Burley,0
P036,11,75,234,35,46.52,8,23.2,84,Virginia,0
P082,20,148,191,17,42.92,9,23.2,87,Oriental,0
P039,7,124,157,9,63.35,6,27.0,68,Oriental,0
P001,13,151,209,97,75.31,9,19.1,53,Burley,0
P032,12,232,171,75,47.97,3,22.4,81,Burley,0
P086,9,72,109,55,46.79,3,36.4,84,Oriental,1
P019,8,164,123,30,39.15,7,24.8,64,Virginia,0
P051,1,108,228,99,55.31,10,36.5,64,Burley,0
P081,3,180,111,14,36.78,8,33.6,80,Oriental,0
P041,14,67,242,91,30.37,4,30.4,54,Virginia,0
P052,12,221,219,95,41.88,8,26.1,67,Burley,1
P063,11,98,159,29,56.13,5,32.9,83,Burley,0
P093,10,153,116,38,71.93,2,36.3,57,Burley,0
P050,20,199,179,78,67.69,8,27.8,85,Oriental,0
P048,17,52,100,17,31.69,1,32.8,66,Virginia,0
P078,16,113,140,98,45.05,10,36.7,72,Burley,0
P013,12,161,140,2,35.42,6,30.6,91,Virginia,1
P060,18,98,221,19,60.66,10,31.7,53,Oriental,0
P049,2,172,201,46,76.99,3,25.1,77,Virginia,1
P068,15,96,123,97,49.75,4,37.7,65,Burley,0
P011,4,101,246,49,76.82,9,25.9,90,Virginia,1
P100,3,180,203,87,55.18,2,36.9,69,Burley,1
P079,6,136,131,6,49.67,6,29.8,67,Oriental,1
P098,6,90,221,32,28.95,7,31.9,61,Virginia,0
P071,8,138,253,4,41.74,6,30.1,57,Oriental,0
P055,16,105,228,73,32.41,8,18.6,81,Oriental,0
P058,3,149,108,91,34.34,4,24.9,80,Virginia,0
P076,4,153,225,9,43.43,4,37.5,86,Oriental,0
P064,8,69,141,70,39.16,3,28.9,72,Burley,0
P100,15,68,218,8,65.14,8,27.7,57,Oriental,1
P093,17,186,153,8,54.13,3,23.2,59,Oriental,0
P066,12,167,152,82,78.51,3,29.7,93,Burley,1
P033,13,237,235,87,55.26,5,18.2,66,Burley,0
P018,20,152,132,51,29.33,8,27.9,72,Virginia,0
P099,12,81,111,96,71.83,3,20.3,78,Oriental,0
P047,9,174,229,31,66.81,3,23.8,84,Oriental,0
P077,11,75,232,0,70.52,4,35.0,80,Virginia,0
P053,2,139,154,75,54.36,2,29.8,85,Burley,0
P041,15,130,189,98,62.41,6,19.6,68,Oriental,0
P047,18,94,106,79,57.2,9,28.7,55,Burley,0
P015,17,53,132,0,61.38,9,27.8,59,Virginia,0
P099,2,66,142,19,61.11,8,32.6,95,Oriental,0
P006,8,58,131,59,54.18,7,25.2,86,Oriental,0
P077,1,193,158,57,42.75,9,26.3,83,Burley,1
P075,5,149,170,56,29.63,5,22.1,52,Burley,0
P077,8,63,251,88,61.51,8,29.7,71,Burley,0
P086,12,152,224,32,65.64,3,32.3,93,Virginia,0
P031,3,150,226,79,66.93,7,25.7,90,Burley,0
P043,14,217,131,73,75.27,7,20.1,88,Virginia,0
P061,5,204,133,57,35.34,2,25.3,51,Oriental,0
P043,17,120,134,77,39.61,10,25.7,85,Oriental,0
P051,19,145,193,53,57.79,8,19.6,68,Virginia,0
P081,6,150,156,11,39.52,6,19.6,86,Virginia,0
P094,1,130,108,43,65.21,5,25.9,76,Burley,0
P052,10,155,200,92,23.1,8,19.8,79,Burley,0
P100,18,239,232,83,47.24,9,33.3,70,Oriental,1
P075,5,125,183,1,76.58,6,32.5,91,Virginia,0
P065,20,216,170,2,26.5,8,24.5,95,Burley,0
P047,9,69,203,91,28.19,7,24.2,90,Virginia,0
P003,1,233,215,32,65.71,10,21.9,75,Oriental,0
P010,18,99,132,42,22.8,8,35.8,53,Oriental,0
P080,9,236,168,83,48.76,3,32.5,68,Burley,1
P056,1,229,103,35,73.84,4,35.0,74,Virginia,0
P042,6,81,240,63,21.24,4,19.4,54,Burley,0
P040,11,114,174,1,76.33,9,20.3,62,Virginia,0
P056,17,108,194,1,53.96,4,24.6,66,Oriental,0
P026,13,197,236,10,77.65,10,37.7,93,Burley,0
P034,15,147,243,94,39.99,9,26.0,80,Oriental,0
P086,7,216,137,33,63.83,3,25.3,55,Virginia,0
P049,13,91,155,79,66.59,3,26.2,58,Burley,0
P062,19,131,250,28,76.02,6,25.8,76,Oriental,0
P006,1,86,157,97,37.78,10,34.5,50,Virginia,0
P065,18,119,191,2,45.84,5,19.6,67,Burley,0
P087,10,157,139,23,66.55,4,24.7,80,Virginia,0
P025,4,129,187,45,75.04,7,20.6,52,Burley,0
P046,15,227,202,22,23.01,4,36.2,65,Virginia,0
P083,1,173,160,29,67.23,6,26.2,54,Burley,1
P027,3,230,161,23,46.0,4,33.6,75,Virginia,0
P030,5,240,224,88,78.93,1,37.1,66,Oriental,0
P017,12,116,143,16,73.34,4,28.3,50,Oriental,1
P031,18,240,113,31,60.79,2,33.0,63,Burley,0
P005,19,80,135,13,33.98,1,28.0,84,Burley,0
P020,16,138,189,100,48.95,2,37.3,82,Oriental,0
P035,19,210,146,76,27.88,3,34.3,65,Oriental,0
P075,7,115,186,44,66.82,2,36.0,66,Virginia,0
P068,5,73,133,60,49.35,6,18.9,80,Burley,0
P029,10,215,141,85,22.32,2,20.2,55,Burley,0
P034,14,148,143,100,67.87,1,36.0,80,Burley,0
P079,11,158,225,96,28.92,9,21.3,61,Virginia,0
P024,8,206,233,69,22.55,6,21.7,94,Virginia,0
P069,15,116,140,48,31.75,8,21.6,61,Oriental,0
P078,10,167,182,88,54.26,3,37.3,92,Oriental,0
P050,15,88,209,75,23.69,1,36.7,79,Virginia,0
P016,13,94,181,27,70.2,4,37.2,58,Oriental,0
P090,1,67,200,72,20.02,7,37.5,67,Oriental,0
P055,17,168,218,72,32.56,7,36.1,68,Virginia,0
P085,8,112,185,43,58.3,8,29.4,76,Oriental,0
P069,6,185,255,18,38.9,8,29.0,57,Virginia,0
P028,14,55,212,53,24.47,5,31.4,91,Burley,0
P008,10,167,244,61,69.51,8,35.0,58,Oriental,0
P067,5,193,185,59,53.84,1,20.8,75,Virginia,0
P043,13,226,139,2,41.85,1,36.9,94,Burley,0
P065,17,132,226,100,50.99,6,35.5,69,Burley,0
P037,20,205,244,80,50.84,4,25.0,57,Burley,1
P032,4,194,173,44,49.82,4,27.3,72,Oriental,0
P024,18,204,188,82,21.15,8,34.2,93,Virginia,0
P052,19,133,241,76,36.75,3,23.4,88,Virginia,0
P071,15,71,154,59,75.54,9,25.5,95,Burley,0
P076,3,75,103,59,47.11,10,18.8,73,Oriental,0
P041,3,240,216,7,63.46,1,31.2,53,Oriental,0
P035,10,110,140,36,70.26,2,27.6,77,Oriental,0
P011,2,73,162,59,29.65,2,32.7,79,Virginia,0
P058,19,96,111,78,45.27,10,33.4,77,Virginia,0
P009,20,227,134,49,32.83,7,19.0,74,Virginia,0
P097,5,86,191,80,57.61,5,25.8,64,Burley,0
P019,6,126,186,47,47.11,5,36.6,81,Oriental,0
P084,10,234,207,18,75.47,1,29.1,91,Oriental,0
P040,9,116,196,28,23.08,5,29.9,93,Burley,0
P022,14,177,233,83,59.01,1,20.5,64,Virginia,0
P079,19,123,162,71,32.4,4,22.3,77,Oriental,0
P077,11,54,207,85,42.44,1,33.6,93,Oriental,0
P047,16,75,122,12,36.25,7,30.4,86,Virginia,0
P009,13,113,211,45,71.14,6,37.5,64,Virginia,0
P011,1,190,202,25,26.2,10,27.8,55,Oriental,0
P065,16,191,251,93,27.88,7,26.5,66,Oriental,0
P049,9,230,253,33,71.04,4,19.6,62,Virginia,0
P033,15,198,182,61,30.2,10,37.7,71,Burley,1
P026,4,136,129,13,32.35,7,32.0,82,Oriental,1
P076,16,179,222,65,53.67,5,19.2,86,Burley,0
P016,5,218,233,38,27.3,6,35.1,70,Burley,0
P002,17,89,220,54,78.86,4,34.0,69,Virginia,0
P011,9,152,141,6,70.96,9,36.8,86,Oriental,0
P096,10,50,113,71,24.33,1,30.6,91,Oriental,0
P040,7,134,237,86,49.86,6,21.7,95,Virginia,0
P058,7,70,229,20,70.83,6,32.4,65,Oriental,0
P020,20,62,187,31,47.6,6,18.2,55,Oriental,0
P068,14,124,249,96,50.18,6,31.8,70,Burley,0
P061,7,194,236,80,46.85,9,33.2,62,Burley,0
P056,11,217,186,82,71.66,10,34.6,63,Burley,1
P088,16,68,134,22,38.64,1,26.8,93,Burley,0
P030,20,64,147,80,62.04,5,37.2,70,Oriental,1
P046,15,54,168,30,74.72,7,29.9,51,Virginia,0
P036,3,124,159,16,23.79,4,28.4,73,Burley,0
P061,3,92,196,29,30.96,9,36.8,62,Oriental,0
P026,13,67,165,53,22.58,8,33.3,56,Virginia,0
P082,16,170,183,45,62.97,1,24.4,92,Burley,0
P087,17,106,162,14,49.7,6,20.3,56,Oriental,0
P084,16,58,188,88,46.04,7,20.1,71,Virginia,1
P032,6,234,242,73,62.68,2,31.4,52,Virginia,0
P038,16,164,141,57,75.87,4,29.3,56,Virginia,0
P076,8,185,135,58,21.62,10,33.0,89,Virginia,1
P029,5,128,162,30,44.04,7,22.0,82,Burley,0
P085,17,94,189,57,68.56,9,32.2,90,Virginia,0
P094,18,54,126,61,36.66,2,29.6,71,Virginia,0
P054,9,166,229,9,75.8,4,20.8,68,Oriental,0
P016,19,87,150,36,36.85,7,22.4,95,Virginia,0
P035,10,170,124,86,39.45,2,33.7,74,Burley,0
P066,13,143,133,58,38.38,3,20.2,51,Oriental,0
P065,20,229,231,68,39.41,5,26.1,57,Burley,1
P034,16,90,170,13,79.57,5,37.4,84,Oriental,0
P076,19,228,197,42,46.97,3,27.4,74,Virginia,0
P011,18,191,230,14,67.62,2,25.4,65,Virginia,0
